,상품명,정가,할인가
1,프로티원[1+1/7월올영픽] 프로티원 단백질쉐이크 포차코 에디션 파우치형 40g 5종,"3,900","3,900"
2,시미헤이즈뷰티[7월 올영픽][기획/단품] 시미헤이즈뷰티 솔라 틴트 블러쉬 듀오 5g,"58,000","40,100"
3,앰플엔[녹는실앰플] 앰플엔 펩타이드샷 2X 모공탄력앰플 100ml,"23,900","19,900"
4,텐바이텐[라스트찬스/마지막 재입고]텐바이텐 인형키링 (태닝 산리오캐릭터즈),"16,000","10,900"
5,메디힐[은혁굿즈증정] 메디힐 에센셜 마스크팩 10/10+1매 7종 택1,"20,000","10,000"
6,바이오더마[온라인 단독기획] 바이오더마 하이드라비오 에센스로션 2입 기획(200ml+200ml),"54,000","40,900"
7,메디힐[58관왕/200매] 메디힐 네모패드 100+100매 더블기획 8종 골라담기,"39,900","28,900"
8,마스터바이옴[단독기획] 마스터바이옴 지노마스터 질유산균  30일+2일분 증정 기획 (32일분),"41,000","27,400"
9,바이오던스[7월 올영픽/라부부이벤트] 바이오던스 리얼 딥 마스크 7+1매 기획(콜라겐/세라놀)(+씨켈프 1매 증정),"35,000","29,900"
10,리터니티[올영단독/리뷰이벤트] 리터니티 율무 스킨클린 팩 120g 기획 (천연곡물팩),"34,000","27,000"
11,두잉왓두잉왓 스킨톤 필터 로션 55ml 기획,"33,900","24,900"
12,빌리프[비타민마스크15ml 증정/ 하루특가] 빌리프 아쿠아 밤 프로즌 크림 기획(크림50ml+31ml+세라믹괄사),"32,000","23,400"
13,빌리프[비타C세럼20ml증정/하루특가] 빌리프 슈퍼나이츠 멀티 비타민마스크 75ml 단품/기획(75ml+25mlX2ea),"39,000","25,900"
14,딜라이트 프로젝트[7월 올영픽/1+1] 딜라이트 프로젝트 단백질쉐이크 4종 택1 (산리오 에디션),"3,900","3,900"
15,투크[미니 립펜슬 증정 기획] 투크 윗아웃 미러 립 틴트 15종 중 택1(기획/단품),"19,000","12,900"
16,롬앤[7월올영픽/산리오캐릭터즈] 롬앤 더 쥬시 래스팅 틴트 (+쉐이킹키링증정) 단품/기획,"13,000","9,900"
17,메디힐[14년연속 1위] 메디힐 에센셜 마스크팩 1매 고기능 7종 택1,"2,000","1,000"
18,바이오가[7/29 하루특가/대용량] 바이오가 글라이신 트리트먼트 1000ml,"29,500","24,480"
19,일소[헬로키티 콜라보] 일소 슈퍼 멜팅 세범 소프트너 150ML 기획 (+헬로키티 블랙헤드 제거기+ 착붙화장솜 40매),"26,000","17,900"
20,두잉왓두잉왓 스킨톤 레이어링 선스틱 22g,"25,000","15,680"
21,메디힐[1+1/단독기획] 메디힐 마데카소사이드 흔적 리페어 세럼 40+40ml 더블 기획,"36,900","21,900"
22,플라이밀[7월 올영픽] 플라이밀 단백질쉐이크 45g 9종 택1,"3,900","3,900"
23,두잉왓[1차물량 완판] 두잉왓 스킨톤 선파우더 7g,"22,000","15,110"
24,BYOCORE유산균[최화정 PICK] CJ BYOCORE 이너케어 질건강 유산균(30+3기획),"44,900","24,900"
25,마녀공장[4년연속1위] 마녀공장 퓨어 클렌징 오일 300ml 기획 (+25mlx2),"25,000","19,900"
26,스킨푸드[1+1한정기획/열감진정] 스킨푸드 캐롯 카로틴 카밍 워터 패드 60매 더블기획 (본품+본품),"42,000","26,900"
27,라로슈포제[7월 올영픽] 라로슈포제 시카플라스트 밤 B5+ 100ml 기획 (+히알루 B5 세럼 1.5ml*2 증정),"40,000","28,900"
28,오브제오브제 포어 제로 오일 컨트롤 선스틱 18g 단품/기획 2종 택 1,"19,800","18,900"
29,비플레인[천만돌파/1+1] 비플레인 녹두 약산성 클렌징폼 160ml+160ml 기획,"26,000","26,000"
30,릴리이브[리뷰 이벤트] [아름송이 PICK] 릴리이브 그로우턴 탈모 브러쉬 앰플 100ml 기획 (+100ml 리필 증정),"39,800","38,800"
31,성분에디터[화잘먹크림/모공케어] 성분에디터 그린토마토 NMN 포어 리프팅 크림 50ml,"28,000","12,900"
32,어노브[3년 연속 1위] 어노브 딥 데미지 헤어 트리트먼트 EX 320ml 더블/듀오 기획 3종 택1,"42,000","29,800"
33,구달[화잘먹] 구달 맑은 어성초 진정 수분 선크림 50ml 1+1 기획,"20,000","16,500"
34,아누아아누아 피디알엔 히알루론산 캡슐 100 세럼 30ml 기획 (+크림 30ml),"39,000","23,500"
35,VT[7월 올영픽/모공에센스]VT 리들샷100에센스50ml기획(+리들샷300 1ml*3개+PDRN에센스 1.5ml*3ea),"32,000","22,000"
36,쏘피NEW 쏘피 쿨링프레쉬 생리대 9종 택 1 (라이너/패드/안심숙면팬티),"8,900","3,900"
37,식물나라식물나라 워터프루프/알로에 쿨링 선 스프레이 2종 (단품/1+1),"14,800","8,800"
38,딜라이트 프로젝트딜라이트 프로젝트 프레첼 70g 3종 택1 (어니언치즈/버터갈릭/머스타드),"2,400","2,400"
39,브링그린[1등세럼] 브링그린 징크테카 트러블세럼 25ml+25ml리필 / 50ml+25리필 기획,"39,600","23,600"
40,숨37[하루특가] [동일제품 12ml 증정] [단독기획] 숨37 시크릿 에센스 기획(30ml/80ml),"32,000","21,900"
41,비알머드[에이티즈 포카증정] 비알머드 딥 멜팅 머드 포어 클렌징오일 200ml,"29,900","19,900"
42,메디힐[58관왕 No.1] 메디힐 네모패드 100매 8종 피부 고민별 골라담기,"26,000","17,900"
43,메디큐브[흔적미백앰플]메디큐브 PDRN 핑크 펩타이드 앰플 30ml 리필기획(본품 30ML+리필 50ML),"46,000","25,900"
44,웰라쥬[대용량150ml] 웰라쥬 리얼 히알루로닉 블루 100 앰플 75ml 1+1 기획,"46,000","29,900"
45,메디큐브[흔적미백]메디큐브 PDRN 핑크 시카 수딩 토너 250ml,"26,500","15,000"
46,이니스프리[리필기획] 이니스프리 비타민C 7일 톤업 세럼 30ML 리필 기획(+리필팩 30ML),"38,000","25,800"
47,닥터지[추가증정/이영지Pick/수분진정] 닥터지 레드 블레미쉬 클리어 수딩 크림 70ml 증정기획 3종,"38,000","25,950"
48,에스네이처[모공 수분천재크림] 에스네이처 아쿠아 스쿠알란 수분크림 60ml 기획 (60ml+30ml),"24,000","17,900"
49,딜라이트 프로젝트[7월 올영픽] 딜라이트 프로젝트 너티초코 단백질쉐이크 45g (산리오/태닝 쿠로미),"3,900","3,900"
50,오휘[데일리선 4ml 증정] [뭉컁PICK/3초썬] 오휘 3아워 블러링 선파우더 20g 2종 (클리어/피치베이지),"48,000","37,440"
51,좋은느낌[7월 올영픽/2025 New] 좋은느낌 썸머에디션 생리대 (패드/입오버),"9,000","6,750"
52,덴티스테덴티스테 민트볼 20개 5팩,"29,250","24,870"
53,클리오[NO.1 아이라이너] 클리오 샤프 쏘 심플 워터프루프 펜슬라이너,"11,000","7,700"
54,에스트라[올영 어워즈 1등 크림]에스트라 아토베리어365 크림 80ml,"33,000","29,700"
55,에뛰드[7월 올영픽/태닝 시나모롤] 에뛰드 컬 픽스 마스카라 1+1 기획,"16,000","15,500"
56,라보에이치[7월올영픽] 라보에이치 두피강화샴푸 750+125ml 외 택1,"36,000","25,900"
57,바이오더마바이오더마 센시비오 H2O 850ml(클렌징워터),"37,500","25,900"
58,넘버즈인넘버즈인 1번~5번 마스크팩 10매 기획 4종 중 택 1,"40,000","18,500"
59,정샘물정샘물 에센셜 스킨 누더 쿠션(본품+리필),"45,000","38,250"
60,메디힐[7월 올영픽/마켓백 증정] 메디힐 PDRN 모공 탄력 패드 100+100매 태닝 쿠로미 한정 기획,"39,900","28,900"
61,딜라이트 프로젝트[7월 올영픽] 딜라이트 프로젝트 베이글칩 & 단백질쉐이크 (산리오 에디션),"2,700","2,700"
62,라로슈포제[7월 올영픽] 라로슈포제 시카플라스트 멀티 리페어 크림 100ml 기획 (+멜라B3 세럼 3ml 증정),"50,000","35,400"
63,빌리프[본품동일제품튜브 25ml 증정] [폭탄듀오] 빌리프 더 트루 크림 모이스춰라이징 밤/아쿠아 밤 30ml 1+1 기획,"32,000","23,400"
64,셀퓨전씨[7월올영픽/20매추가증정] 셀퓨전씨 포스트 알파 쿨링 패드 70매 (+20매) 태닝 마이멜로디 기획,"23,000","14,900"
65,이너랩[비니PICK]셀트리온 이너랩 리쥬글로우 PDRN 글루타치온 30포 (1개월분),"18,800","14,900"
66,딜라이트 프로젝트[온라인단독] 딜라이트 프로젝트 베이글칩 5입 선물세트,"13,000","8,900"
67,닥터지[저자극/무기자차] 닥터지 그린 마일드 업 선 플러스 50ml 기획 (50+20/50+50),"29,000","26,200"
68,라곰[수분 폼클렌징] 라곰 셀럽 마이크로 폼 클렌저 120ml,"15,000","13,500"
69,쏘내추럴쏘내추럴 올 데이 메이크업 픽서 120ml (안개분사 캔타입),"24,000","16,800"
70,달바[7월올영픽/생기톤업] 달바 핑크 톤업 선크림 듀오 기획 (50ml+50ml),"51,000","33,900"
71,VT[7월 올영픽/보습 광채탄력] VT PDRN 에센스 100 30ml기획 (+1.5ml*3개+리들샷 100 1ml*3개),"45,000","23,900"
72,스킨유[차정원PICK] 스킨유 착색개선 결케어 앰플 바디 미스트 150ml,"19,900","17,500"
73,어노브[신규향 듀오 출시] 어노브 딥 데미지 리페어 샴푸 500g 2입 2종 택1,"34,000","26,800"
74,브링그린[피지쓱싹] 브링그린 티트리시카수딩토너 500mL 기획,"27,000","16,900"
75,힌스[리뷰이벤트/미니쿠션증정] 힌스 커버 마스터 핑크 쿠션 기획(본품+리필),"34,000","26,850"
76,아누아[화해1위] 아누아 피디알엔 히알루론산 캡슐 100 세럼 30mL 기획 (+30mL 리필팩),"58,500","29,500"
77,어나더페이스[반쪽모공팩] 어나더페이스 펩타테놀 수분 밸런스 하이드로겔 마스크팩 4매,"20,000","14,960"
78,라운드랩[1등썬] 라운드랩 자작나무 수분 선크림 50ml 기획 (+클렌저 20ml),"25,000","16,900"
79,트리헛[7월 올영픽/태닝 산리오캐릭터즈+스파츌라 증정] 트리헛 시어 슈가 스크럽 510g 단품/기획,"22,500","18,000"
80,딜라이트 프로젝트딜라이트 프로젝트 단백질쉐이크 단품/7개입 8종 택1,"3,900","3,900"
81,바닐라코[스누피 콜라보] 바닐라코 클린잇제로 클렌징밤 100ml 기획 3종 택1 (+스누피 미니거울 증정),"20,000","15,800"
82,쏘내추럴[7월 올영픽/태닝 마이멜로디] 쏘내추럴 올 데이 타이트 메이크업 세팅 픽서 120ml 더블기획(+러기지택),"42,000","31,500"
83,투크[미니 속광도화밤 증정 기획] 투크 워터프루프 슬림 아이라이너 17colors (기획/단품),"13,900","13,400"
84,성분에디터[리뉴얼/잡티미백] 성분에디터 머루포도 비타씨 다크 스팟 앰플 40ml,"28,000","14,900"
85,낫포유[6년연속 1위] 낫포유 클리어 바디미스트 200ml 기획 및 단품,"21,900","18,900"
86,메디큐브 에이지알[한정판/소량입고] [광채토닝] 메디큐브 부스터프로 헬로키티 에디션 (+헬로키티헤드캡+소독티슈),"418,800","375,000"
87,메디큐브 에이지알[뷰티디바이스 1위] [광채토닝 메디큐브 부스터프로 쿠로미 에디션(+쿠로미헤드캡+세안밴드+디바이스클리너+스티커2종),"418,800","375,000"
88,에뛰드[7월 올영픽/태닝 포차코] 에뛰드 포근 픽싱 틴트,"16,000","12,800"
89,웨이크메이크[7월 올영픽/태닝 포차코][+아이 프라이머 증정]웨이크메이크 소프트 블러링 아이팔레트 25COLOR(단품/기획),"34,000","23,800"
90,에이프릴스킨[7월 올영픽/구매인증 이벤트] 에이프릴스킨 히어로쿠션 핑크에디션(본품+리필+퍼프2개),"33,000","24,900"
91,페리페라페리페라 스피디 스키니 브로우,"6,000","6,000"
92,일리윤일리윤 세라마이드 아토 집중크림 150ml,"13,500","9,900"
93,토리든[단독기획] 토리든 다이브인 저분자 히알루론산 세럼 50ml 기획(+멀티패드 10매),"22,000","16,500"
94,연작[올영PICK/화잘먹 베이스] 연작 스킨 퍼펙팅 프로텍티브 베이스프렙 25ml/40ml 택1,"33,000","29,000"
95,메이크프렘[리필기획] 메이크프렘 세이프 미 릴리프 모이스처 클렌징밀크 기획 (200ml+100ml 리필),"28,000","21,000"
96,바이오가[대용량] 바이오가 등드름 바디워시 베타인살리실레이트 1000ml,"25,500","25,500"
97,아누아[말끔모공/피지순삭] 아누아 어성초 클렌징 듀오 기획 (오일 200ml+폼 150ml),"34,000","25,500"
98,AHC[보송/1등 노세범] AHC 마스터즈 에어리치 선스틱 22g,"24,000","19,200"
99,"바이오던스[7월 올영픽/라부부이벤트] 바이오던스 리얼 딥 마스크 4매 (콜라겐, 세라놀, 비타, 씨켈프)","20,000","17,900"
100,토리든[증량기획] 토리든 다이브인 저분자 히알루론산 토너 300ml 기획(+100ml 추가 증정),"21,000","15,700"
