title,content
"'어쩔수가없다' 박찬욱 ""지루할 틈 없는 이병헌""","<div class=""article-body"" id=""articletxt"" itemprop=""articleBody"">
<figure class=""article-figure"">
<div class=""figure-img"">
<img alt=""/사진=CJ ENM "" src=""https://img.hankyung.com/photo/202507/01.41250167.1.jpg""/>
</div>
<figcaption class=""figure-caption"" style=""width:1200px;"">/사진=CJ ENM </figcaption>
</figure>
                82회 베니스국제영화제 경쟁 부문 초청작 '어쩔수가없다'의 이병헌이 자신만의 전쟁을 시작한 구직자 '만수' 역으로 새롭게 돌아온다.<br/><br/>'어쩔수가없다'는 '다 이루었다'고 느낄 만큼 삶이 만족스러웠던 회사원 '만수'(이병헌)가 덜컥 해고된 후, 아내와 두 자식을 지키기 위해, 어렵게 장만한 집을 지켜내기 위해, 재취업을 향한 자신만의 전쟁을 준비하며 벌어지는 이야기를 담는다.<br/><br/>글로벌 히트작 '오징어 게임' 시리즈를 비롯해, 영화 '남산의 부장들', '백두산', '콘크리트 유토피아', '내부자들'까지 다양한 작품에서 진한 인상을 남기며 명실상부 대한민국 대표 배우로 자리매김한 이병헌. 최근작 '승부'에서 천재 바둑기사 '조훈현'을, '케이팝 데몬 헌터스'에서 '귀마'의 목소리 연기까지 완벽하게 소화하며 도전을 거듭해 왔다. 관객들은 '어쩔수가없다'의 '만수' 역을 통해 배우 이병헌의 새로운 얼굴을 다시 한번 발견하게 될 것이다.<br/><br/>25년간 헌신한 제지 공장에서 하루아침에 해고된 후 재취업을 준비하는 구직자 '만수'. 번번이 면접에서 떨어지며 어렵게 장만한 집까지 내놓아야 할 처지에 몰리자, 절실한 심정으로 자신만의 전쟁을 준비한다.<br/><br/>삶에 대한 만족감과 자부심이 넘치던 모습부터, 해고 이후 어쩔 수 없는 불안감에 점점 변해가는 모습까지, 이병헌은 벼랑 끝에 내몰린 인물의 복잡한 심경을 섬세하게 표현하며 극에 몰입하게 만든다.<br/><br/>이병헌은 ""극단적인 상황을 어떻게 하면 설득력 있게 보여줄 수 있을지에 대한 부분을 가장 신경 쓰면서 연기하려 애썼다""라고 '만수' 역에 대한 고민과 노력을 전했다.<br/><br/>'공동경비구역 JSA', '쓰리, 몬스터'에 이어 '어쩔수가없다'까지 세 작품을 함께 한 박찬욱 감독은 ""이병헌 배우는 정말 많은 표정을 가지고 있다. 필요에 따라 여러 가지 감정을 순식간에 바꿔 가면서 연기를 해서 처음부터 마지막까지 지루할 틈이 없었다""고 말했다. <br/><br/>믿고 보는 배우들의 만남과 드라마틱한 전개, 아름다운 미장센, 견고한 연출, 그리고 블랙 코미디까지 더해진 박찬욱 감독의 새 영화 '어쩔수가없다'는 오는 9월 개봉 예정이다.<br/><br/><br/><br/>김예랑 한경닷컴 기자 yesrang@hankyung.com
                                    </div>"
"임영웅, 정규 2집 CD 발매 안 한다…""진심 담은 앨범북으로""","<div class=""article-body"" id=""articletxt"" itemprop=""articleBody"">
<figure class=""article-figure"">
<div class=""figure-img"">
<img alt=""사진=물고기뮤직 제공"" src=""https://img.hankyung.com/photo/202507/01.41249927.1.jpg""/>
</div>
<figcaption class=""figure-caption"" style=""width:1000px;"">사진=물고기뮤직 제공</figcaption>
</figure>
                가수 임영웅이 진정성과 가치 중심의 방식으로 팬들을 만난다.<br/><br/>소속사 물고기뮤직은 29일 임영웅의 정규 2집 '아임 히어로 2(IM HERO 2)'가 피지컬 앨범(이하 'CD 앨범') 발매 대신 소장을 원하는 분들을 위해 화보가 담긴 패키지(앨범북)로 제작된다고 밝혔다.<br/><br/>앨범북에는 2집 관련 임영웅의 사진과 앨범 크레딧, 임영웅이 직접 전하는 메시지 등이 담긴다.<br/><br/>물고기뮤직은 ""임영웅과의 오랜 논의와 깊은 고민 끝에 내려진 것으로, 아티스트의 진심 어린 뜻을 소속사도 깊이 공감하며 함께 뜻을 모았다""며 ""앨범을 기념할 수 있는 형태는 달라지지만 그 안에 담긴 감정과 진심은 오히려 더 가까이 다가가길 바라는 마음으로 준비했으니 기대해 달라""고 설명했다.<br/><br/>CD 앨범을 실질적으로 감상하기 어려운 환경과 팬들의 정성과 응원이 팬들에게 부담이 되지 않기를 바라는 마음 그리고 환경적인 고민까지 고려한 결정이라고 한다. 앨범북은 임영웅 공식 MD 몰인 '아임히어로 몰'에서 오는 31일 오후 2시부터 단독으로 예약 판매되며, 음반 판매 집계에는 포함되지 않는다.<br/><br/>'아임 히어로 2'는 오는 8월 29일 베일을 벗는다. 컴백과 관련된 콘텐츠는 순차적으로 공개된다.<br/><br/>김수영 한경닷컴 기자 swimmingk@hankyung.com
                                    </div>"
"55세 유튜버, 14세 소녀 임신·출산 시키곤 ""사랑의 결실"" 주장","<div class=""article-body"" id=""articletxt"" itemprop=""articleBody"">
<figure class=""article-figure"">
<div class=""figure-img"">
<img alt=""/사진=JTBC '비하인드'"" src=""https://img.hankyung.com/photo/202507/01.41245106.1.jpg""/>
</div>
<figcaption class=""figure-caption"" style=""width:1200px;"">/사진=JTBC '비하인드'</figcaption>
</figure>
                14세 필리핀 소녀를 임신시킨 55세 한국인 유튜버 정모 씨가 아이에 대해 '사랑의 결실'이라고 말한 것으로 알려져 파장이 예고된다.<br/><br/>29일 방송되는 JTBC ‘아무도 몰랐던, 비하인드’는 필리핀에서 공부방을 운영하며 14세 여아를 임신시키고 출산하게 한 정 씨의 이야기가 공개된다.<br/><br/>정 씨가 올린 영상엔 올해 열 네살인 필리핀 소녀와 아이의 모습이 담겨있다. 소녀는 아기를 출산했다는 사실이 믿기지 않을 만큼 작고 앳된 모습이었다.<br/><br/>정 씨는 ""5개월 됐을 때, 임신한 걸 처음 알았다""며 아기가 두 사람의 ‘사랑의 결실’이라고 주장했다고 제작진은 전했다.<br/><br/>사건이 벌어진 곳은 필리핀 남부 민다나오섬에 위치한 가난한 마을. 정 씨는 이곳에서 공부방을 운영했다. 그는 공부방 아이들의 모습을 담은 영상 콘텐츠를 제작하고, 후원금을 받아서 빈곤층 아이들을 지원해왔다고 한다. 제작진은 그곳에서 14세 엄마가 된 소녀를 만난 것으로 알려졌다.<br/><br/>필리핀 수사 당국은 미성년자가 등장하는 유튜브 채널을 발견해 수사에 나섰고, 수사 결과 정 씨와 소녀가 동거 중이며, 최근 출산한 남자아이의 생물학적 아버지가 정 씨인 것을 확인했다.<br/><br/>현재 정 씨는 아동학대·성 착취 및 차별금지법 위반, 인신매매 방지법 위반, 강간 방지법 위반 등의 혐의로 마할리카 구치소에 수감된 상태다.<br/><br/>정 씨는 앞서 자신의 유튜브 라이브 방송을 통해 아이를 공개하며 ""자식 없이 살다가 갈 줄 알았는데 아이가 태어났다. 여기에서 눌어붙어서 살게 된 계기가 됐다""며 ""엄마가 너무 어린데, 저는 책임을 져야 하므로 도망가지 않았다""고 밝혔다. 그러면서 아이를 ""미라클 베이비""라고 칭하며 ""저에겐 첫 번째 아기""라고 덧붙였다.<br/><br/><br/>김예랑 한경닷컴 기자 yesrang@hankyung.com
                                    </div>"
"HK직캠|에스파 윈터, '첫눈처럼 하얀 옷 입고 예쁨 과시'","<div class=""article-body"" id=""articletxt"" itemprop=""articleBody"">
<div class=""article-video"" id=""floatingVideo"">
<div class=""floatingVideo-inner"">
<div class=""iframe-youtube vertical"">
<iframe allow=""accelerometer; autoplay; clipboard-write; encrypted-media; gyroscope; picture-in-picture; web-share"" allowfullscreen="""" data-idx=""0"" frameborder=""0"" height=""810"" referrerpolicy=""strict-origin-when-cross-origin"" src=""https://play.mbus.tv/hls/1984ffc30d29bae7?autoplay"" suburl=""https://tv.naver.com/embed/81196607?autoPlay=true"" suburl1=""https://play.mbus.tv/hls/1984ffc30d29bae7?autoplay"" width=""456""></iframe>
</div>
<button class=""btn-close-video"" type=""button"">
<i class=""hk__icon-x""></i>
<span class=""blind"">영상 모듈 닫기</span>
</button>
</div>
</div>
<script>
                        $(function(){
                            $('#floatingVideo button').on('click', function(){
                                $('#floatingVideo').removeClass('active').addClass('stop');

                            });
    
                            
                            var videoHeight = $('#floatingVideo').height();
                            $(window).on('scroll', function(){
                                if($('#floatingVideo').hasClass('stop')){
                                    return false;
                                }
                                var videoTop = $('#floatingVideo').offset().top;
                                var scrTop = $(window).scrollTop();
                                if( scrTop < (videoTop + videoHeight) ) {
                                    $('#floatingVideo').removeClass('active'); 
                                }else {
                                    $('#floatingVideo').addClass('active');
                                }
                            });

                        });
                    </script>
<br/>그룹 에스파 윈터가 28일 오전 경기 성남시 현대백화점 판교점에서 열린 폴로 랄프 로렌 '폴로 플레이 백' 팝업스토어 오픈 행사에 참석해 포즈를 취하고 있다.
                    <figure class=""article-figure"">
<div class=""figure-img"">
<img alt=""HK직캠｜에스파 윈터, '첫눈처럼 하얀 옷 입고 예쁨 과시'"" src=""https://img.hankyung.com/photo/202507/01.41245053.1.jpg""/>
</div>
</figure>
                변성현 한경닷컴 기자 byun84@hankyung.com
                                    </div>"
"최수영, 키아누 리브스와 어깨 나란히…할리우드 데뷔작 포스터 공개","<div class=""article-body"" id=""articletxt"" itemprop=""articleBody"">
<figure class=""article-figure"">
<div class=""figure-img"">
<img alt=""/사진=판씨네마"" src=""https://img.hankyung.com/photo/202507/01.41243648.1.jpg""/>
</div>
<figcaption class=""figure-caption"" style=""width:1200px;"">/사진=판씨네마</figcaption>
</figure>
                배우 최수영의 할리우드 영화 진출작인 '발레리나' 포스터가 공개됐다. <br/><br/>'발레리나'는 '존 윅' 유니버스의 확장판으로, 암살자 조직 루스카 로마에서 킬러로 성장한 주인공 '이브(아나 데 아르마스)'가 아버지의 복수를 위해 진실을 추적하던 중 전설적인 킬러 '존 윅(키아누 리브스)'과 마주하며 벌어지는 피의 전쟁을 그린 작품이다.<br/><br/>이번 작품에서 최수영은 '이브'의 첫 임무 보호 대상인 '카틀라 박' 역으로 등장한다. 포스터에서 화려한 장신구와 원피스를 입은 최수영의 모습이 공개되자 캐릭터에 대한 관심이 고조된다.<br/><br/>'발레리나'는 '존 윅 3: 파라벨룸'과 같은 시기의 타임라인을 공유하며, 키아누 리브스가 '존 윅' 역으로 다시 등장해 화제를 모은다. 또한 콘티넨탈 호텔의 지배인 '윈스턴(이안 맥쉐인)', 컨시어지 '샤론(故 랜스 레딕)', 루스카 로마의 수장 '디렉터(안젤리카 휴스턴)' 등 '존 윅' 시리즈의 익숙한 인물들이 다시 등장해 '존 윅 유니버스'의 탄탄한 연결고리를 형성한다.<br/><br/>새롭게 합류한 캐릭터들도 주목할 만하다. '이브'의 복수극을 둘러싼 인물들로는 '챈슬러(가브리엘 번)', '파인(노만 리더스)', '덱스(로버트 마서)' 등이 있으며, 각자의 욕망과 과거를 지닌 인물들이 등장해 풍성한 액션과 드라마를 예고하고 있다.<br/><br/>현상금 1400만 달러가 걸린 전설의 킬러 '존 윅'과 그를 둘러싼 인물들, 그리고 새로운 히로인 '이브'가 펼치는 압도적 액션이 기대되는 '발레리나'는 오는 8월 6일 개봉한다. <br/><br/><br/>김예랑 한경닷컴 기자 yesrang@hankyung.com
                                    </div>"
"'워크돌' 휴대폰 대리점, 경찰 뜨니 손님들 줄행랑…알고보니 '불법여권'","<div class=""article-body"" id=""articletxt"" itemprop=""articleBody"">
<figure class=""article-figure"">
<div class=""figure-img"">
<img alt=""/사진='워크돌'"" src=""https://img.hankyung.com/photo/202507/01.41242750.1.jpg""/>
</div>
<figcaption class=""figure-caption"" style=""width:772px;"">/사진='워크돌'</figcaption>
</figure>
                417만 명의 구독자를 보유한 유튜브 채널 '워크맨'의 인기 코너 '워크돌'에서 불법 여권을 이용해 휴대전화를 개통하는 것으로 보이는 대리점 장면이 그대로 방송에 노출돼 논란이 일고 있다.<br/><br/>지난 24일 공개된 '워크돌'에서는 걸그룹 빌리 멤버 츠키가 일일 경찰 체험에 나서는 모습이 담겼다. 이날 츠키는 서울 구로구 가리봉동 지역에서 경찰들과 함께 순찰을 나섰고, 가리봉동 시장 인근의 한 통신사 대리점으로 향했다.<br/><br/>이들이 해당 대리점 안으로 들어가자 내부에 있던 손님들이 혼비백산하며 도망쳤고, 매장 사장은 미소만 지은 채 자리를 지켰다. 당시 화면에는 사장의 얼굴 아래로 ""내 손님 내놔""라는 자막이 삽입돼 있었다.
                    <figure class=""article-figure"">
<div class=""figure-img"">
<img alt=""/사진='워크돌'"" src=""https://img.hankyung.com/photo/202507/01.41242752.1.png""/>
</div>
<figcaption class=""figure-caption"" style=""width:772px;"">/사진='워크돌'</figcaption>
</figure>
<figure class=""article-figure"">
<div class=""figure-img"">
<img alt=""/사진='워크돌'"" src=""https://img.hankyung.com/photo/202507/01.41242751.1.jpg""/>
</div>
<figcaption class=""figure-caption"" style=""width:772px;"">/사진='워크돌'</figcaption>
</figure>
                특히 해당 대리점 유리창에는 '非法 护照 开卡'라는 문구가 적혀 있었다. 네티즌들은 이에 대해 '불법 여권 카드 개설'이라는 의미로, 곧 불법 여권을 이용해 휴대폰을 개통해주겠다는 내용이다. 이는 외국인 불법 체류자 등을 대상으로 한 불법 개통 행위가 실제 이뤄지고 있다는 정황으로 해석될 수 있다.<br/><br/>또 이날 방송에서는 경찰들이 가리봉동 시장 일대를 순찰하던 중 일부로부터 욕설을 들은 장면도 전파를 탔다.<br/><br/>경찰은 ""최근 불법체류자를 체포하다 보니 이 시장을 주로 이용하는 중국인 고객층이 사라졌다""며 ""그래서 저희를 별로 좋아하지 않는다""고 상황을 설명했다.<br/><br/>네티즌들은 ""가리봉동이 어떤 곳인지 이거 보고 알게 됐다"", ""서울에 이런 곳이 있다는 게 소름 끼친다"", ""불법적인 걸 버젓이 간판에 적어놓다니. 그래서 손님들이 다 도망갔나 보다"", ""대놓고 간판에 저러는 건 얼마나 (경찰을) 우습게 보면 저러는 건지"" 등의 부정적인 반응을 보이고 있다.<br/><br/><br/>김예랑 한경닷컴 기자 yesrang@hankyung.com
                                    </div>"
"'컴백' 매드클라운 ""새 앨범, 삶과 세상 향한 날것의 기록""","<div class=""article-body"" id=""articletxt"" itemprop=""articleBody"">
<figure class=""article-figure"">
<div class=""figure-img"">
<img alt=""매드클라운 /사진=이에스네이션, 뷰티플노이즈 제공"" src=""https://img.hankyung.com/photo/202507/01.41242104.1.png""/>
</div>
<figcaption class=""figure-caption"" style=""width:1200px;"">매드클라운 /사진=이에스네이션, 뷰티플노이즈 제공</figcaption>
</figure>
                래퍼 매드클라운이 세상에 대한 날카로운 시선과 따뜻한 진심을 담은 신보로 돌아온다.<br/><br/>매드클라운은 28일 오후 6시 새 앨범 '애니띵 고스 2(Anything Goes 2)'를 발표하며 오랜만에 팬들과 음악으로 만난다.<br/><br/>총 6곡이 실린 이번 앨범은 그가 20대 시절 발표한 '애니띵 고스'의 연장선에 있는 작품으로, '포트리 슬램(Poetry Slam)'이라는 다소 생소하지만 실험적인 장르를 기반으로 한다.<br/><br/>매드클라운은 이번 앨범을 ""삶을 살아가며 느낀 것들을 적는 일기장""이라고 표현했다. 앨범 전반에는 철저히 개인적인 서사와 정서가 담겨 있지만, 동시에 그가 오랜 시간 지켜보며 겪어온 사회적 현실에 대한 메시지도 깊숙이 배어 있다. 그는 ""더 이상 내 안에만 머물게 둘 수 없다는 한계에 부딪혔다""고 밝히며, 이번 작품이 단순한 고백을 넘어 사회에 던지는 목소리이기도 하다는 점을 강조했다.<br/><br/>동시에 매드클라운은 ""아티스트는 선동가도, 정치인도 아니다""라며 예술가로서의 본질적인 위치를 명확히 했다. 그는 ""아티스트는 지극히 개인적인 이야기를 할 때 오히려 가장 강력한 사회적 메시지를 갖는다""고 말했다.<br/><br/>특히 수록곡 '죽지마'는 이번 앨범의 정서를 집약적으로 보여준다. 매드클라운은 이 곡을 만들며 ""단 한 사람이라도 이 노래를 듣고 살아줬으면 좋겠다는, 이기적인 바람 하나에 집중했다""고 털어놨다. 절박하면서도 진심 어린 그 메시지는 많은 이들에게 깊은 울림을 전할 것으로 기대된다.<br/><br/>김수영 한경닷컴 기자 swimmingk@hankyung.com
                                    </div>"
"한뼘 더 자란 아일릿, 6주 간의 활동 마무리","<div class=""article-body"" id=""articletxt"" itemprop=""articleBody"">
<figure class=""article-figure"">
<div class=""figure-img"">
<img alt=""그룹 아일릿 /사진=빌리프랩 제공"" src=""https://img.hankyung.com/photo/202507/01.41242023.1.jpg""/>
</div>
<figcaption class=""figure-caption"" style=""width:1200px;"">그룹 아일릿 /사진=빌리프랩 제공</figcaption>
</figure>
                그룹 아일릿이 지난 26일 MBC '쇼! 음악중심' 출연을 끝으로 6주간의 미니 3집 '밤(bomb)' 공식 활동을 마무리했다.<br/><br/>아일릿(윤아, 민주, 모카, 원희, 이로하)은 이날 방송에서 후속곡 '젤리어스(jellyous)' 무대를 통해 에너지 넘치는 퍼포먼스로 시선을 사로잡았다. 멤버들은 팀 공식 SNS에 ""글릿(공식 팬덤명)이 있어서 6주 내내 든든했다. 늘 변함없이 응원해 줘서 고맙고 사랑한다""고 소감을 전했다.<br/><br/>데뷔 이래 '나'의 이야기에 집중해 온 아일릿은 이번 앨범에서 '너'와의 관계로 서사를 확장하면서 특유의 당차고 솔직한 매력을 극대화했다. 여기에 전매특허인 중독성 강한 비트와 독창적인 가사, 임팩트 있는 포인트 안무는 '아일릿스러움'을 한층 강화시키며 듣는 재미를 안겼다. 특히 이들의 '마법 소녀' 콘셉트가 1020 세대의 감성을 저격하며 트렌드를 이끌었다. '누구나 자신의 가능성을 깨우치면 마법 소녀가 될 수 있다'라는 메시지는 모두를 아우르는 공감대를 형성했다.<br/><br/>한층 업그레이드된 실력도 돋보였다. 아일릿은 몽환적 분위기의 타이틀곡 '빌려온 고양이(Do the Dance)'와 힙한 스타일의 후속곡 '젤리어스'로 폭넓은 음악 스펙트럼을 발휘했다. 이들은 완성도 높은 퍼포먼스와 안정적인 라이브 실력으로 연일 화제를 모으며 '믿고 듣는 아일릿' 수식어를 입증했다. 
                    <figure class=""article-figure"">
<div class=""figure-img"">
<img alt=""그룹 아일릿 /사진=빌리프랩 제공"" src=""https://img.hankyung.com/photo/202507/01.41242022.1.jpg""/>
</div>
<figcaption class=""figure-caption"" style=""width:1200px;"">그룹 아일릿 /사진=빌리프랩 제공</figcaption>
</figure>
                아일릿의 활약은 성과로도 이어졌다. '밤'은 발매 직후 일주일간 40만장 이상 팔려 한터차트와 써클차트의 주간 음반 차트 1위를 석권했다. 일본에서도 발매 첫날에 전작의 초동 판매량(발매 직후 일주일간 음반 판매량)을 뛰어넘고, 오리콘과 빌보드 재팬 등 현지 주요 음반 차트 최상위권을 장악했다. 또한 아일릿은 '밤'을 미국 빌보드 메인 앨범차트 '빌보드 200'에 진입시키며, 데뷔 이래 발표한 모든 앨범을 이 차트에 올려놓는 기록을 세웠다.<br/><br/>음악방송 2관왕에 올랐던 타이틀곡 '빌려온 고양이'의 인기는 한 달여가 지난 지금까지도 여전하다. 이 곡은 멜론 일간 차트에 82위(6월 16일 자)로 진입한 뒤 28위(7월 24일 자)까지 치솟았다. 멜론 주간 차트에서도 87위(6월 3주 차)에서 31위(7월 3주 차)까지 순위를 끌어올렸다. 꾸준히 사랑받는 아일릿의 뒷심이 돋보인다. <br/><br/>아일릿은 기세를 몰아 일본으로 무대를 옮긴다. 이들은 오는 9월 1일 일본 첫 번째 싱글 '토키 요 토마레(Toki Yo Tomare, 원제 時よ止まれ)'를 발표하고 현지에서 정식 데뷔한다. 이미 일본의 저명한 시상식에서 신인상을 차지할 정도로 주목받는 이들인 만큼 글로벌 팬들의 큰 관심이 쏠리고 있다.<br/><br/>또한 아일릿은 8월 10~11일, 9월 3~4일 각각 가나가와현 요코하마시 피아 아레나 MM과 오사카 오사카성 홀에서 팬콘서트를 열고 일본 내 첫 단독 공연을 펼친다. 오는 9월 14일에는 일본 대형 음악 축제 '록 인 재팬 페스티벌 2025'에 출격해 무대를 꾸민다.<br/><br/>김수영 한경닷컴 기자 swimmingk@hankyung.com
                                    </div>"
트랜스픽션·류수정 합류…'사운드플래닛페스티벌' 최종 라인업 보니,"<div class=""article-body"" id=""articletxt"" itemprop=""articleBody"">
<figure class=""article-figure"">
<div class=""figure-img"">
<img alt=""사진='사운드플래닛페스티벌 2025'"" src=""https://img.hankyung.com/photo/202507/01.41241968.1.png""/>
</div>
<figcaption class=""figure-caption"" style=""width:570px;"">사진='사운드플래닛페스티벌 2025'</figcaption>
</figure>
                음악의 성지 롤링홀이 30주년을 기념해 개최되는 '사운드플래닛페스티벌 2025'이 최종 라인업을 발표했다.<br/><br/>28일 공개된 '사운드플래닛페스티벌 2025' 라인업에는 대한민국의 얼터너티브 록밴드 트랜스픽션, 대한민국의 독보적인 스크리모 밴드 할로우잰, 걸그룹 러블리즈 출신의 류수정, 일본의 라이징 싱어송라이터 REN과 한국의 싱어송라이터 이츠, 밴드 확인, 일본 인디씬에서 떠오르는 신예 아쿠루 요루노 히츠지(明くる夜の羊)'까지 총 9팀이 합류했다.<br/><br/>앞서 공개된 라인업에는 YB, 체리필터, 넬, 어반자카파, 볼빨간사춘기, 이승윤, MASS OF THE FERMENTING DREGS, envy, KARDI, 김재중, 루시, 우즈, 엑스디너리 히어로즈, 한로로, 크라잉넛, 브로콜리너마저, 크랙샷, 중식이밴드, 극동아시아타이거즈 등이 이름을 올렸었다.<br/><br/>김천성 롤링홀 대표는 ""인디 아티스트 뿐만 아니라 K팝과 J팝을 아우르는 라인업에 다양한 장르의 음악, 그리고 인디씬과 상업 페스티벌 사이의 균형을 추구하는 사운드플래닛페스티벌의 지향, 방향성에 걸맞은 라인업을 통해 페스티벌을 더욱더 알차게 즐겨 주시기를 바란다""고 전했다.<br/><br/>'사운드플래닛페스티벌 2025'는 오는 9월 13, 14일 인천 파라다이스시티에서 개최된다.<br/><br/>김수영 한경닷컴 기자 swimmingk@hankyung.com
                                    </div>"
"[포토] 에스파 윈터, '눈 뗄 수 없는 아름다운 자태'","<div class=""article-body"" id=""articletxt"" itemprop=""articleBody"">
<figure class=""article-figure"">
<div class=""figure-img"">
<img alt=""[포토] 에스파 윈터, '눈 뗄 수 없는 아름다운 자태'"" src=""https://img.hankyung.com/photo/202507/03.41241903.1.jpg""/>
</div>
</figure>
                그룹 에스파 윈터가 28일 오전 경기 성남시 현대백화점 판교점에서 열린 폴로 랄프 로렌 '폴로 플레이 백' 팝업스토어 오픈 행사에 참석해 포즈를 취하고 있다.
                    <figure class=""article-figure"">
<div class=""figure-img"">
<img alt=""[포토] 에스파 윈터, '눈 뗄 수 없는 아름다운 자태'"" src=""https://img.hankyung.com/photo/202507/03.41241917.1.jpg""/>
</div>
</figure>
                △예쁜 미소
                    <figure class=""article-figure"">
<div class=""figure-img"">
<img alt=""[포토] 에스파 윈터, '눈 뗄 수 없는 아름다운 자태'"" src=""https://img.hankyung.com/photo/202507/03.41241915.1.jpg""/>
</div>
</figure>
                △클로즈업을 부르는 미모
                    <figure class=""article-figure"">
<div class=""figure-img"">
<img alt=""[포토] 에스파 윈터, '눈 뗄 수 없는 아름다운 자태'"" src=""https://img.hankyung.com/photo/202507/03.41241913.1.jpg""/>
</div>
</figure>
                △눈부신 청순미
                    <figure class=""article-figure"">
<div class=""figure-img"">
<img alt=""[포토] 에스파 윈터, '눈 뗄 수 없는 아름다운 자태'"" src=""https://img.hankyung.com/photo/202507/03.41241910.1.jpg""/>
</div>
</figure>
                △오늘도 예쁨
                    <figure class=""article-figure"">
<div class=""figure-img"">
<img alt=""[포토] 에스파 윈터, '눈 뗄 수 없는 아름다운 자태'"" src=""https://img.hankyung.com/photo/202507/03.41241907.1.jpg""/>
</div>
</figure>
                △사랑스러움 그 자체
                    <figure class=""article-figure"">
<div class=""figure-img"">
<img alt=""[포토] 에스파 윈터, '눈 뗄 수 없는 아름다운 자태'"" src=""https://img.hankyung.com/photo/202507/03.41241916.1.jpg""/>
</div>
</figure>
                △햇살보다 빛나는 미모<br/><br/>변성현 한경닷컴 기자 byun84@hankyung.com
                                    </div>"
"[포토] 에스파 윈터, '우아한 여신 자태'","<div class=""article-body"" id=""articletxt"" itemprop=""articleBody"">
<figure class=""article-figure"">
<div class=""figure-img"">
<img alt=""[포토] 에스파 윈터, '우아한 여신 자태'"" src=""https://img.hankyung.com/photo/202507/03.41241901.1.jpg""/>
</div>
</figure>
                그룹 에스파 윈터가 28일 오전 경기 성남시 현대백화점 판교점에서 열린 폴로 랄프 로렌 '폴로 플레이 백' 팝업스토어 오픈 행사에 참석해 포즈를 취하고 있다.
                    <figure class=""article-figure"">
<div class=""figure-img"">
<img alt=""[포토] 에스파 윈터, '우아한 여신 자태'"" src=""https://img.hankyung.com/photo/202507/03.41241911.1.jpg""/>
</div>
</figure>
                △우아한 손인사
                    <figure class=""article-figure"">
<div class=""figure-img"">
<img alt=""[포토] 에스파 윈터, '우아한 여신 자태'"" src=""https://img.hankyung.com/photo/202507/03.41241908.1.jpg""/>
</div>
</figure>
                △도도함 물씬~
                    <figure class=""article-figure"">
<div class=""figure-img"">
<img alt=""[포토] 에스파 윈터, '우아한 여신 자태'"" src=""https://img.hankyung.com/photo/202507/03.41241902.1.jpg""/>
</div>
</figure>
                △돋보이는 깜찍함
                    <figure class=""article-figure"">
<div class=""figure-img"">
<img alt=""[포토] 에스파 윈터, '우아한 여신 자태'"" src=""https://img.hankyung.com/photo/202507/03.41241900.1.jpg""/>
</div>
</figure>
                △시크하게~
                    <figure class=""article-figure"">
<div class=""figure-img"">
<img alt=""[포토] 에스파 윈터, '우아한 여신 자태'"" src=""https://img.hankyung.com/photo/202507/03.41241897.1.jpg""/>
</div>
</figure>
                △도도함 물씬~
                    <figure class=""article-figure"">
<div class=""figure-img"">
<img alt=""[포토] 에스파 윈터, '우아한 여신 자태'"" src=""https://img.hankyung.com/photo/202507/03.41241899.1.jpg""/>
</div>
</figure>
                △우아한 여신 자태 과시<br/><br/>변성현 한경닷컴 기자 byun84@hankyung.com
                                    </div>"
"[포토] 에스파 윈터, '주위를 밝히는 자체발광 미모'","<div class=""article-body"" id=""articletxt"" itemprop=""articleBody"">
<figure class=""article-figure"">
<div class=""figure-img"">
<img alt=""[포토] 에스파 윈터, '주위를 밝히는 자체발광 미모'"" src=""https://img.hankyung.com/photo/202507/03.41241898.1.jpg""/>
</div>
</figure>
                그룹 에스파 윈터가 28일 오전 경기 성남시 현대백화점 판교점에서 열린 폴로 랄프 로렌 '폴로 플레이 백' 팝업스토어 오픈 행사에 참석해 포즈를 취하고 있다.
                    <figure class=""article-figure"">
<div class=""figure-img"">
<img alt=""[포토] 에스파 윈터, '주위를 밝히는 자체발광 미모'"" src=""https://img.hankyung.com/photo/202507/03.41241890.1.jpg""/>
</div>
</figure>
                △러블리 미소로 등장
                    <figure class=""article-figure"">
<div class=""figure-img"">
<img alt=""[포토] 에스파 윈터, '주위를 밝히는 자체발광 미모'"" src=""https://img.hankyung.com/photo/202507/03.41241892.1.jpg""/>
</div>
</figure>
                △사랑스러운 그녀~
                    <figure class=""article-figure"">
<div class=""figure-img"">
<img alt=""[포토] 에스파 윈터, '주위를 밝히는 자체발광 미모'"" src=""https://img.hankyung.com/photo/202507/03.41241893.1.jpg""/>
</div>
</figure>
                △등장만으로 시선강탈
                    <figure class=""article-figure"">
<div class=""figure-img"">
<img alt=""[포토] 에스파 윈터, '주위를 밝히는 자체발광 미모'"" src=""https://img.hankyung.com/photo/202507/03.41241894.1.jpg""/>
</div>
</figure>
                △돋보이는 예쁨
                    <figure class=""article-figure"">
<div class=""figure-img"">
<img alt=""[포토] 에스파 윈터, '주위를 밝히는 자체발광 미모'"" src=""https://img.hankyung.com/photo/202507/03.41241891.1.jpg""/>
</div>
</figure>
                △그림이 따로 없네~
                    <figure class=""article-figure"">
<div class=""figure-img"">
<img alt=""[포토] 에스파 윈터, '주위를 밝히는 자체발광 미모'"" src=""https://img.hankyung.com/photo/202507/03.41241896.1.jpg""/>
</div>
</figure>
                △돋보이는 예쁨
                    <figure class=""article-figure"">
<div class=""figure-img"">
<img alt=""[포토] 에스파 윈터, '주위를 밝히는 자체발광 미모'"" src=""https://img.hankyung.com/photo/202507/03.41241895.1.jpg""/>
</div>
</figure>
                △눈부신 미모<br/><br/>변성현 한경닷컴 기자 byun84@hankyung.com
                                    </div>"
"고정우, 하반신 마비 할머니 병구완에 우울증까지…오은영도 '눈물'","<div class=""article-body"" id=""articletxt"" itemprop=""articleBody"">
<figure class=""article-figure"">
<div class=""figure-img"">
<img alt=""/사진=MBN '오은영 스테이'"" src=""https://img.hankyung.com/photo/202507/01.41241618.1.jpg""/>
</div>
<figcaption class=""figure-caption"" style=""width:1200px;"">/사진=MBN '오은영 스테이'</figcaption>
</figure>
                트로트 가수 고정우가 10년째 우울증을 앓고 있다고 고백했다. <br/><br/>오는 28일 방송되는 MBN '오은영 스테이' 6회에서는 가수 고정우가 출연해 과거의 아픔을 처음으로 고백한다. <br/><br/>고정우는 최근 녹화에서 두 살 때 부모가 이혼한 뒤 할머니와 단둘이 살아온 인생을 이야기하며 ""할머니는 친구이자 엄마, 와이프, 세상의 전부였다""고 담담히 말했다.<br/><br/>고정우는 친척의 잘못된 보증으로 집까지 잃은 뒤 폐가에서 쇠파이프를 받쳐놓고 살았던 지난날을 회상했다. <br/><br/>특히 고정우는 초등학교 2학년 때부터 하반신 마비가 된 할머니를 부양하기 위해 생활 전선에 나서야 했다. 그는 어린 나이에 관절염을 앓았고, 과로로 쓰러지기도 했다고 털어놨다. 
                    <figure class=""article-figure"">
<div class=""figure-img"">
<img alt=""/사진=MBN '오은영 스테이'"" src=""https://img.hankyung.com/photo/202507/01.41241616.1.jpg""/>
</div>
<figcaption class=""figure-caption"" style=""width:1200px;"">/사진=MBN '오은영 스테이'</figcaption>
</figure>
                고정우는 ""내가 무슨 죄가 많아 이렇게 사는지 생각했다""며 우울증에 시달리다 결국 바다에 뛰어들기까지 했다고 고백했다.  <br/><br/>그는 지금도 우울증 약을 복용 중이라며 ""눈을 감으면 오만가지 생각이 들고 불안하다""고 현재의 정신적 고통도 전했다.<br/><br/>고정우는 할머니와의 마지막 대화도 공개했다. 대화 내용을 들은 오은영 박사와 고소영은 눈물을 멈추지 못했고, 고소영은 고정우가 가장 그리워하는 할머니 음식 이야기에 직접 주방으로 들어가 요리를 재현하며 감동을 더했다.<br/><br/>제작진은 ""삶의 끝자락에서 다시 용기를 낸 고정우의 진심 가득한 고백을 통해 상처를 안고 살아가는 많은 이들이 위로와 공감을 얻길 바란다""고 전했다.<br/><br/><br/>김예랑 한경닷컴 기자 yesrang@hankyung.com
                                    </div>"
"이효리, 개물림 당했다…""손가락 신경 끊어지고 잘릴 뻔""","<div class=""article-body"" id=""articletxt"" itemprop=""articleBody"">
<figure class=""article-figure"">
<div class=""figure-img"">
<img alt='이효리, 개물림 당했다…""손가락 신경 끊어지고 잘릴 뻔""' src=""https://img.hankyung.com/photo/202507/01.41241170.1.jpg""/>
</div>
</figure>
                가수 이효리가 반려견들이 싸우는 상황을 말리다 손가락을 크게 다쳤다고 털어놨다.<br/><br/>지난 27일 방송된 JTBC 특집 다큐멘터리 '천국보다 아름다운 혜자의 뜰'에서는 배우 김혜자가 이효리를 만나 진솔한 대화를 나눴다.<br/><br/>이효리는 김혜자가 출연한 JTBC 드라마 '천국보다 아름다운'을 언급하며 ""너무 감동적으로 잘 봤다. 강아지가 나오는 장면을 남편 이상순과 함께 아침에 봤다. 하늘로 보낸 아이들이 많아 눈물이 났다""고 고백했다.<br/><br/>이어 이효리는 반려견과 관련된 사고를 회상하며 ""2년 전 개들이 싸우는 걸 말리다 손가락을 물려 거의 잘릴 뻔했다. 신경이 다 끊어져 병원에 입원했고, 손이 덜렁거려 진짜 절단된 줄 알았다""고 말했다. 그는 변형된 왼손 가운뎃손가락을 보여주며 수술받았던 사실도 전했다.<br/><br/>이효리는 ""당시 남편은 서울에서 녹화를 하고 있었고, 보호자 동의가 있어야 수술을 진행할 수 있어서 연락하느라 시간이 좀 걸렸다""며 ""방송 나가고 나서 '그 손 어떻게 하냐'는 말도 들었지만, 나는 하나도 부끄럽지 않다""고 단호히 밝혔다.<br/><br/>김혜자도 ""부끄럽지 않을 것 같다. 그건 걔들을 사랑한 거다""라고 말하며 공감했다. <br/><br/><br/>김예랑 한경닷컴 기자 yesrang@hankyung.com
                                    </div>"
"'월클' 이병헌, 부국제 개막식 단독 사회 맡는다","<div class=""article-body"" id=""articletxt"" itemprop=""articleBody"">
<figure class=""article-figure"">
<div class=""figure-img"">
<img alt=""이병헌 / 변성현 한경닷컴 기자 "" src=""https://img.hankyung.com/photo/202507/03.40618422.1.jpg""/>
</div>
<figcaption class=""figure-caption"" style=""width:1200px;"">이병헌 / 변성현 한경닷컴 기자 </figcaption>
</figure>
                배우 이병헌이 제30회 부산국제영화제가 개막식 사회자로 선정됐다. <br/><br/>28일 부산국제영화제 측은 ""영화제의 새로운 도약의 시작이 될 개막식의 포문을 배우 이병헌과 함께 연다""고 밝혔다. <br/><br/>2003년 제8회 부산국제영화제를 시작으로 부산과의 인연을 꾸준히 이어 온 이병헌은 역대 최초 남성 단독 사회자로, 30회를 맞은 영화제의 상징성과 무게를 더욱 단단히 해줄 것으로 기대된다.<br/><br/>데뷔 35년 차를 맞은 이병헌은 스크린과 브라운관을 넘나들며 한계 없는 연기 스펙트럼과 대체 불가한 존재감으로 대한민국을 대표하는 '월드클래스' 배우로 자리매김해왔다.<br/><br/>최근에는 넷플릭스 시리즈 '오징어 게임'에 연이어 출연하며, 한국 콘텐츠의 국제적 위상을 다시 한번 견인하고 있다. 이러한 활약 속에서 맞이한 부산국제영화제의 개막식 사회자 선정은 단순 진행자 이상의 의미를 담고 있다.<br/><br/>제30회 부산국제영화제의 개막식은 영화제의 정체성과 방향성을 새롭게 가다듬는 전환점이 될 자리로, 그 의미 깊은 순간에 배우 이병헌이 함께 해 관객과 영화인을 하나로 잇는 특별한 무대가 완성될 것이다.<br/><br/>이병헌은 '내부자들'(2015), '남한산성'(2017), '남산의 부장들'(2020), '비상선언'(2022), '콘크리트 유토피아'(2023), '승부'(2025) 등에서 최고의 연기력으로 작품성과 흥행을 모두 거머쥔 동시에 주요 연기상을 휩쓸며 대한민국 대표 배우의 위상을 공고히 했다. 개봉을 앞둔 '어쩔 수가 없다'를 통해서도 새로운 모습을 선보일 예정이다.<br/><br/>또한 '지.아이.조 - 전쟁의 서막'(2009)을 통해 할리우드에 데뷔한 이래 '레드: 더 레전드'(2013), '터미네이터 제니시스'(2015), '매그니피센트 7'(2016) 등에 출연하며 세계 영화계에 강렬한 인상을 남겼다.<br/><br/>최근에는 '케이팝 데몬 헌터스'(2025), '킹 오브 킹스'(2025) 등 정제된 표현력과 절제된 감정선을 자유자재로 넘나드는 목소리 연기로 단순 배우를 넘어 하나의 상징으로 자리하고 있다.<br/><br/>제30회 부산국제영화제는 오는 9월 17일부터 9월 26일까지 영화의전당 일대에서 10일간 개최된다.<br/><br/><br/>김예랑 한경닷컴 기자 yesrang@hankyung.com
                                    </div>"
'전독시' 첫 주말 42만명 봤다…예매율 1위는 '좀비딸',"<div class=""article-body"" id=""articletxt"" itemprop=""articleBody"">
<figure class=""article-figure"">
<div class=""figure-img"">
<img alt=""/사진=롯데엔터테인먼트 "" src=""https://img.hankyung.com/photo/202507/01.41157983.1.jpg""/>
</div>
<figcaption class=""figure-caption"" style=""width:1200px;"">/사진=롯데엔터테인먼트 </figcaption>
</figure>
                올여름 텐트폴 영화 '전지적 독자 시점'(이하 전독시)가 주말 동안 40만명을 끌어모으며 5일 연속 박스오피스 1위를 기록했다.<br/><br/>28일 영화관입장권 통합전산망에 따르면 '전독시'는 25일부터 27일까지 42만 7357명의 관객을 모아 누적 관객 수 62만 7885명을 동원했다.<br/><br/>'전독시'는 지난 23일 대만 지역에서도 개봉해 '신과함께-죄와 벌', '파묘'의 오프닝 스코어를 돌파했다. 특히 종전 최고 기록인 '파묘'의 개봉일 수익을 넘어서 2021년 이후 대만 지역에서 개봉한 한국 영화 중 개봉일 기준 최고 수익을 달성하는 쾌거를 이뤘다.<br/><br/>국내 박스오피스 2위는 개봉한 지 한 달이 지난 'F1 더 무비'다. 같은 기간 34만 240명의 관객을 들여 누적 관객 수 239만 3856명을 돌파했다.<br/><br/>이어 지난 24일 개봉한 마블의 '판타스틱4: 새로운 출발'은 주말 동안 26만 9097명의 관객이 봤다. 누적 관객 수는 34만 2418명. 국내 제작 애니메이션 '킹 오브 킹스'도 같은 기간 23만 9714명의 관객을 들여 누적 관객 수 73만 145명을 기록했다.<br/><br/>한편 예매율은 오는 30일 개봉을 앞둔 조정석 주연의 영화 '좀비딸'이 37%을 기록하며 1위에 올랐다.  'F1 더 무비'는 13.4%, '전지적 독자 시점'은 12.1%, '판타스틱4: 새로운 출발'은 6.1%로 뒤를 이었다.<br/><br/>김예랑 한경닷컴 기자 yesrang@hankyung.com
                                    </div>"
"'최현석 셰프 딸' 최연수, 딕펑스 김태현과 9월 결혼","<div class=""article-body"" id=""articletxt"" itemprop=""articleBody"">
<figure class=""article-figure"">
<div class=""figure-img"">
<img alt=""최현석 셰프의 딸인 모델 최연수가 그룹 딕펑수 김태현과 결혼한다. /사진=최연수 SNS 캡처"" src=""https://img.hankyung.com/photo/202507/01.41240256.1.jpg""/>
</div>
<figcaption class=""figure-caption"" style=""width:665px;"">최현석 셰프의 딸인 모델 최연수가 그룹 딕펑수 김태현과 결혼한다. /사진=최연수 SNS 캡처</figcaption>
</figure>
<figure class=""article-figure"">
<div class=""figure-img"">
<img alt=""최현석 셰프의 딸인 모델 최연수가 그룹 딕펑수 김태현과 결혼한다. /사진=최연수 SNS 캡처"" src=""https://img.hankyung.com/photo/202507/01.41240255.1.jpg""/>
</div>
<figcaption class=""figure-caption"" style=""width:665px;"">최현석 셰프의 딸인 모델 최연수가 그룹 딕펑수 김태현과 결혼한다. /사진=최연수 SNS 캡처</figcaption>
</figure>
                최현석 셰프의 딸이자 모델인 최연수(26)가 그룹 딕펑스 김태현(38)과 결혼한다.<br/><br/>최연수는 지난 27일 자신의 사회관계망서비스(SNS)를 통해 웨딩화보를 공개하며 ""9월 말에 결혼한다. 상대는 오랫동안 봐온 다정하고 헌신적인 사람""이라고 밝혔다.<br/><br/>1999년생으로 올해 26세인 최연수와 1987년생으로 38세인 김태현은 지난해 열애를 인정했었다.<br/><br/>최연수는 ""표현으로도, 행동으로도 진심을 보여주는 모습에 결혼을 결심했다""면서 ""그동안은 사적인 부분을 최대한 조심해왔지만 이젠 조금 더 편안하게 보여드릴까 한다. 앞으로도 잘 부탁드린다""고 전했다.<br/><br/>같은 날 김태현 역시 ""9월 말 결혼을 하게 됐다. 준비를 하면서 정말 많은 분들이 제 삶을 응원해 주시고 함께 해주셨다는 생각이 들었다. 너무 감사하다""고 인사했다.<br/><br/>이어 그는 ""오랜 시간 함께해온 여러분 덕분에 새로운 시작이 더 든든하게 느껴진다""며 ""소중한 마음 늘 잊지 않겠다""고 다짐했다.
                    <figure class=""article-figure"">
<div class=""figure-img"">
<img alt=""'최현석 셰프 딸' 최연수, 딕펑스 김태현과 9월 결혼"" src=""https://img.hankyung.com/photo/202507/01.41240265.1.png""/>
</div>
</figure>
                김태현은 2010년 딕펑스의 보컬로 데뷔했다. 딕펑스는 2012년 Mnet '슈퍼스타K4'에 참가해 준우승을 차지하며 대중적인 인기를 얻었다. 현재까지도 앨범을 발매하며 활발히 활동 중이다.<br/><br/>최현석 셰프의 딸로 유명한 최연수는 2017년 슈퍼모델 선발대회에 출전했고, 이듬해 Mnet 오디션 '프로듀스48' 도전해 주목받았다. 그는 딕펑스의 오랜 팬으로 알려져 있어 김태현과의 열애가 더욱 화제가 됐었다.<br/><br/>김수영 한경닷컴 기자 swimmingk@hankyung.com
                                    </div>"
"'섬총각' 임영웅 보자…""8월 26일 첫 방송""","<div class=""article-body"" id=""articletxt"" itemprop=""articleBody"">
<figure class=""article-figure"">
<div class=""figure-img"">
<img alt=""가수 임영웅 / 사진=변성현 한경닷컴 기자"" src=""https://img.hankyung.com/photo/202507/03.34745918.1.jpg""/>
</div>
<figcaption class=""figure-caption"" style=""width:1200px;"">가수 임영웅 / 사진=변성현 한경닷컴 기자</figcaption>
</figure>
                가수 임영웅이 SBS 새 예능에 출연한다.<br/><br/>소속사 물고기뮤직은 ""임영웅이 SBS 새 예능 '섬총각 영웅'에 출연한다. 많은 기대를 부탁드린다""고 28일 밝혔다.<br/><br/>'섬총각 영웅'은 임영웅이 도시를 떠나 한적한 섬마을에서 보내는 여행기를 그린다. 그동안 무대 위에서 보여준 감미로운 목소리와 깊은 감성 외에 임영웅의 소탈하고 인간적인 면모를 담아낼 예정이다.<br/><br/>임영웅은 자연 속에서 평범한 일상을 살아가며 꾸밈없는 진정성과 따뜻한 감성 전달은 물론, 시청자들에게 색다른 힐링까지 전할 것으로 기대를 모으고 있다. <br/><br/>'섬총각 영웅'은 오는 8월 26일 화요일 오후 9시 SBS에서 첫 방송된다. 이어 임영웅은 8월 29일 두 번째 정규 앨범 '아임 히어로 2(IM HERO 2)'를 발매한다.<br/><br/>김수영 한경닷컴 기자 swimmingk@hankyung.com
                                    </div>"
"""1년 동안 100곡 넘게…"" '굿보이' 명품 OST가 탄생하기까지 [인터뷰+]","<div class=""article-body"" id=""articletxt"" itemprop=""articleBody"">
<figure class=""article-figure"">
<div class=""figure-img"">
<img alt=""/사진=허성진 음악감독"" src=""https://img.hankyung.com/photo/202507/01.41236240.1.jpg""/>
</div>
<figcaption class=""figure-caption"" style=""width:1200px;"">/사진=허성진 음악감독</figcaption>
</figure>
<strong>""하고 싶은 건 다 한 거 같아요. 오래 준비했고, 열심히 했어요. 연출자인 심나연 감독님과 많이 소통했는데, 에너지가 잘 맞아서 즐겁게 작업할 수 있었어요.""</strong><br/><br/>1년이 넘는 작업 기간 동안 100곡을 넘게 만들었다. 드라마의 메인 곡이라 할 수 있는 노래의 경우 10개가 넘는 버전을 만들었을 정도다. 모든 수록곡을 직접 쓸 만큼 OST 앨범에 담긴 곡 어느 것 하나 그의 손을 거치지 않은 게 없었다. 하지만 이 시간을 돌아보며 허성진 음악감독은 ""제가 만족하고 싶어 했던 일""이라며 ""보컬은 같지만 기타, 피아노, 오케스트라 버전 등 연주나 기법을 달리한 다양한 버전의 노래들이 방송에서 하나하나 사용돼 감사했던 시간이었다""고 겸손함을 보였다.<br/><br/>'굿보이'는 특채로 경찰이 된 메달리스트들이 메달 대신 경찰 신분증을 목에 걸고 비양심과 반칙이 판치는 세상에 맞서 싸우는 코믹 액션 청춘 수사극이다. 배우 박보검과 김소현이 캐스팅돼 기획 단계부터 화제를 모은 드라마로, 지난 20일 시청률 8.1%(닐슨코리아, 유료플랫폼 기준)을 기록하며 막을 내렸다.<br/><br/>허성진 음악감독이 만든 노래와 멜로디는 각각 캐릭터의 성격과 감정을 더욱 폭넓게 보여주며 몰입도를 높인다. ""저에게 드라마 음악은 대사로 말할 수 없었던 마음을 대신 끌어안는 마지막 언어""라고 OST를 정의했던 그는 ""아날로그와 전자 사운드를 두루 사용해 감각적인 사운드를 만들어내고 싶었다""며 ""편하게 하려면 하던 대로 하면 되는데, 독특한 아이디어를 넣고 싶더라. '굿보이'를 보는 시청자들의 사로잡고 싶었다""고 말하며 웃었다.
                    <figure class=""article-figure"">
<div class=""figure-img"">
<img alt=""/사진=허성진 음악감독"" src=""https://img.hankyung.com/photo/202507/01.41236238.1.jpg""/>
</div>
<figcaption class=""figure-caption"" style=""width:1200px;"">/사진=허성진 음악감독</figcaption>
</figure>
                KBS 2TV '태양의 후예'의 히트곡인 케이윌의 '말해 뭐해'를 비롯해 KBS 2TV '동백꽃 필 무렵', '녹두전', SBS '더킹:영원한 군주' 등의 OST에 참여했던 그는 티빙 오리지널 '마녀식당으로 오세요'를 통해 '음악감독'으로 크레딧에 이름을 올리게 됐다. K팝을 오래전부터 만들어왔고, 드라마 음악 작업도 10년 가까이 했지만 ""'굿보이'를 하면서 처음으로 불면증도 겪었다""고 털어놓기도 했다.<br/><br/>""제가 너무 이 드라마를 잘하고 싶었나 봐요. 자려고 누워도 계속 생각하니, 잠이 안 오더라고요.(웃음) 동주(박보검 분)를 중심으로 일어나는 사건들, 그리고 극의 화면이 워낙 속도감 있고 다양하다 보니 각각 인물들의 감정을 음악적으로 풀어내는 게 숙제였어요. 그렇게 만들다 보니 연주곡을 포함해 100곡이 넘는 곡들을 작업하게 된 거죠.""<br/><br/>'굿보이' OST에서 목소리가 들어간 노래는 총 7곡이다. 맥스, 데이식스 영케이, 흰(박혜원), 투어스, 죠지, 주니, 캐츠아이 등 가창력으로 알려진 가수부터 아이돌까지 다양한 라인업의 화룡정점은 배우 박보검이었다. 곡에 맞는 목소리를 찾기 위해 ""직접 DM까지 보냈다""는 허성진 음악감독이었다. 그렇지만 섭외 과정에서 자신의 열정을 타인에게 강요하지 않았다. 오히려 정중하고 조심스럽게 다가가는 허성진 음악감독의 모습과 그의 곡에 반해 ""어떻게든 참여하겠다""는 뮤지션들의 모습을 엿볼 수 있었다.<br/><br/>요즘 가장 '핫'한 밴드로 꼽히는 데이식스의 멤버 영케이도 허성진 음악감독이 보낸 곡을 듣고 ""노래가 좋아 혼자서라도 참여해보고 싶다""는 의사를 밝혀와 녹음이 성사됐다. 녹음 제안을 했을 땐 데이식스가 월드투어를 돌기 직전이었는데, 빡빡한 스케줄 속에서 영케이가 연락해 온 것. 데이식스에게 제안한 노래는 다른 곡이었지만, 허성진 음악감독은 영케이의 보컬을 고려해 '나무가 될게'를 그가 부르도록 했다.
                    <figure class=""article-figure"">
<div class=""figure-img"">
<img alt=""/사진=허성진 음악감독"" src=""https://img.hankyung.com/photo/202507/01.41236239.1.jpg""/>
</div>
<figcaption class=""figure-caption"" style=""width:1200px;"">/사진=허성진 음악감독</figcaption>
</figure>
                박보검에게도 ""당장 안정해도 되고, 부담스러우면 안 해도 된다""고 말했다. 그런데도 허성진 음악감독이 박보검에게 '날 찾아가는 길' 녹음을 제안한 이유는 ""드라마가 주는 메시지와 곡의 메시지가 동일하다""고 생각했기 때문. 극 중 동주의 목소리로 OST 수록곡의 마지막 노래인 '날 찾아가는 길'을 불러준다면 더 큰 울림을 줄 수 있을 거라고 판단했고, 그의 말에 박보검도 놀라운 집중력을 발휘하며 녹음을 마쳤다.<br/><br/>""영케이 씨도, 박보검 씨도 다들 워낙 잘하는 분들이잖아요. 그런데 생각보다 더 잘하시더라고요. 특히 박보검 씨가 부른 '날 찾아가는 길'은 청춘의 고단함과 울림을 주는 메시지를 가사에 담으려 했고, 그러다 보니 발라드가 됐는데 정말 어려운 노래를 세심하게 감정선을 표현해 놀랐어요. 녹음 시간을 6시간 정도 잡았는데, 2시간 만에 끝났어요.""<br/><br/>유명인뿐 아니라 신인 가수들과 작업할 때도 허성진 음악감독의 배려는 이어졌다. 그가 작업을 하며 가장 중점을 둔 건 완성도였다. 투어스가 보다 편안하게 녹음할 수 있도록 그의 작업실이 아닌 하이브 사옥에 가서 녹음한 것도 그 때문이었다.<br/><br/>하지만 이 모든 작업기를 수행하고서도 허성진 음악감독은 ""감독님과 '굿보이' 출연 배우들에게 너무 감사하다""고 거듭 강조했다.<br/><br/>""박보검 씨, 김소현 씨 등 '굿보이' 출연 배우들이 OST로 새로운 노래가 발매될 때마다 각각의 사회관계망서비스(SNS)로 홍보해주셨어요. 배우들이 OST까지 그렇게 언급해주는 경우가 드문데, 정말 감동했어요. 열심히 한 걸 알아주시더라고요.""<br/><br/>지난 1년 동안 '굿보이'에만 집중했다면, 앞으로는 채널A 새 드라마 '아기가 생겼어요'와 tvN 새 드라마 '세이렌'을 위해 달릴 예정이다. '보릿고개'라는 말이 나올 정도로 드라마 제작 편수가 감소했지만, 허성진 음악감독을 찾는 러브콜은 줄어들지 않았다. 그런데도 여전히 겸손함을 보이는 그였다. 본격적으로 작업이 들어가기 전 ""스토리를 확인해 하나하나 곡을 작업하고, 노래는 가창자 섭외를 위해 미리 써 둔다""며 ""대안을 준비할 수 있도록 미리미리 작업하는 편""이라는 그와 함께 작업하고 싶은 것은 당연해 보였다.<br/><br/>하지만 허성진 음악감독은 함께하는 팀원들에게 공을 돌리며 ""저희 팀은 딱 5명인데 색깔이 다 다르다""며 ""다들 욕심을 갖고 열심히 일해서 제가 요구하는 것들을 힘들어하지 않고, 에너지와 시너지가 잘 맞는다""고 했다. 그러면서 이들과 ""함께 아이디어를 공유하고, 각각 잘하는 포지션에 맞춰 곡을 써서 취합하는 것""이라며  '좋은 음악'이 나올 수 있는 방법을 공개했다.<br/><br/>""일단은 음악이 좋아야 해요. 이전엔 OST 노래를 불러달라고 가수들을 섭외할 때 제목이나 출연진 등 작품만 보고 하는 경우도 있었지만, 요즘은 무조건 음악을 달라고 해요. 그런데 그게 맞아요. 음악이 본인들과 잘 맞아야 잘할 수 있는 거잖아요. 그래서 '굿보이'는 뿌듯해요. 정말 피땀 흘려 다 공들여서 했거든요. 쉬운 길을 선택할 수도 있어요. 그런데 아직까진 제가 더 하고 싶어요. 여러 아이디어를 수집하고, 협업하고 이런 작업이 일하면 할수록 더 재밌어져요. 재밌으니 더 열심히 하게 되고요.""<br/><br/>김소연 한경닷컴 기자 sue123@hankyung.com
                                    </div>"
"[포토] NCT 드림, '언제봐도 멋진 남자들'","<div class=""article-body"" id=""articletxt"" itemprop=""articleBody"">
<figure class=""article-figure"">
<div class=""figure-img"">
<img alt=""[포토] NCT 드림, '언제봐도 멋진 남자들'"" src=""https://img.hankyung.com/photo/202507/03.41236681.1.jpg""/>
</div>
</figure>
                그룹 NCT 드림이 27일 경기도 고양시 킨텍스에서 열린 '2025 SBS 가요대전 Summer' 블루카펫 행사에 참석해 포즈를 취하고 있다.
                    <figure class=""article-figure"">
<div class=""figure-img"">
<img alt=""[포토] NCT 드림, '언제봐도 멋진 남자들'"" src=""https://img.hankyung.com/photo/202507/03.41236685.1.jpg""/>
</div>
</figure>
                △천러, '팬들을 향해 하트~'
                    <figure class=""article-figure"">
<div class=""figure-img"">
<img alt=""[포토] NCT 드림, '언제봐도 멋진 남자들'"" src=""https://img.hankyung.com/photo/202507/03.41236684.1.jpg""/>
</div>
</figure>
                △해찬, '부드러운 눈빛~'
                    <figure class=""article-figure"">
<div class=""figure-img"">
<img alt=""[포토] NCT 드림, '언제봐도 멋진 남자들'"" src=""https://img.hankyung.com/photo/202507/03.41236677.1.jpg""/>
</div>
</figure>
                △제노, '팬들 반하게 만드는 멋짐'
                    <figure class=""article-figure"">
<div class=""figure-img"">
<img alt=""[포토] NCT 드림, '언제봐도 멋진 남자들'"" src=""https://img.hankyung.com/photo/202507/03.41236679.1.jpg""/>
</div>
</figure>
                △재민, '왕자님 비주얼에 눈길'
                    <figure class=""article-figure"">
<div class=""figure-img"">
<img alt=""[포토] NCT 드림, '언제봐도 멋진 남자들'"" src=""https://img.hankyung.com/photo/202507/03.41236683.1.jpg""/>
</div>
</figure>
                △지성, '그윽한 눈빛~'
                    <figure class=""article-figure"">
<div class=""figure-img"">
<img alt=""[포토] NCT 드림, '언제봐도 멋진 남자들'"" src=""https://img.hankyung.com/photo/202507/03.41236680.1.jpg""/>
</div>
</figure>
                △런쥔, '멋진 모습에 시선강탈'
                    <figure class=""article-figure"">
<div class=""figure-img"">
<img alt=""[포토] NCT 드림, '언제봐도 멋진 남자들'"" src=""https://img.hankyung.com/photo/202507/03.41236678.1.jpg""/>
</div>
</figure>
                △마크, '멋을 아는 남자'
                    <figure class=""article-figure"">
<div class=""figure-img"">
<img alt=""[포토] NCT 드림, '언제봐도 멋진 남자들'"" src=""https://img.hankyung.com/photo/202507/03.41236682.1.jpg""/>
</div>
</figure>
                △언제봐도 멋진 드림이들<br/><br/>변성현 한경닷컴 기자 byun84@hankyung.com
                                    </div>"
"[포토] TXT, '모아 반하게 만드는 멋진 남자들'","<div class=""article-body"" id=""articletxt"" itemprop=""articleBody"">
<figure class=""article-figure"">
<div class=""figure-img"">
<img alt=""[포토] TXT, '모아 반하게 만드는 멋진 남자들'"" src=""https://img.hankyung.com/photo/202507/03.41236583.1.jpg""/>
</div>
</figure>
                그룹 투모로우바이투게더(TXT)가 27일 경기도 고양시 킨텍스에서 열린 '2025 SBS 가요대전 Summer' 블루카펫 행사에 참석해 포즈를 취하고 있다.
                    <figure class=""article-figure"">
<div class=""figure-img"">
<img alt=""[포토] TXT, '모아 반하게 만드는 멋진 남자들'"" src=""https://img.hankyung.com/photo/202507/03.41236580.1.jpg""/>
</div>
</figure>
                △수빈, '멋지게 볼하트~'
                    <figure class=""article-figure"">
<div class=""figure-img"">
<img alt=""[포토] TXT, '모아 반하게 만드는 멋진 남자들'"" src=""https://img.hankyung.com/photo/202507/03.41236585.1.jpg""/>
</div>
</figure>
                △휴닝카이, '부드러운 미소로 하트~'
                    <figure class=""article-figure"">
<div class=""figure-img"">
<img alt=""[포토] TXT, '모아 반하게 만드는 멋진 남자들'"" src=""https://img.hankyung.com/photo/202507/03.41236579.1.jpg""/>
</div>
</figure>
                △범규, '그윽한 눈빛~'
                    <figure class=""article-figure"">
<div class=""figure-img"">
<img alt=""[포토] TXT, '모아 반하게 만드는 멋진 남자들'"" src=""https://img.hankyung.com/photo/202507/03.41236577.1.jpg""/>
</div>
</figure>
                △태현, '모아 향해 하트~'
                    <figure class=""article-figure"">
<div class=""figure-img"">
<img alt=""[포토] TXT, '모아 반하게 만드는 멋진 남자들'"" src=""https://img.hankyung.com/photo/202507/03.41236578.1.jpg""/>
</div>
</figure>
                △연준, '부드러운 눈빛에 반한다'
                    <figure class=""article-figure"">
<div class=""figure-img"">
<img alt=""[포토] TXT, '모아 반하게 만드는 멋진 남자들'"" src=""https://img.hankyung.com/photo/202507/03.41236584.1.jpg""/>
</div>
</figure>
                △멋짐 폭발<br/><br/>변성현 한경닷컴 기자 byun84@hankyung.com
                                    </div>"
"[포토] 아이들, '언제봐도 사랑스러운 그녀들'","<div class=""article-body"" id=""articletxt"" itemprop=""articleBody"">
<figure class=""article-figure"">
<div class=""figure-img"">
<img alt=""[포토] 아이들, '언제봐도 사랑스러운 그녀들'"" src=""https://img.hankyung.com/photo/202507/03.41236475.1.jpg""/>
</div>
</figure>
                그룹 아이들이 27일 경기도 고양시 킨텍스에서 열린 '2025 SBS 가요대전 Summer' 블루카펫 행사에 참석해 포즈를 취하고 있다.
                    <figure class=""article-figure"">
<div class=""figure-img"">
<img alt=""[포토] 아이들, '언제봐도 사랑스러운 그녀들'"" src=""https://img.hankyung.com/photo/202507/03.41236484.1.jpg""/>
</div>
</figure>
                △슈화, '뽀얀 우윳빛 피부 뽐내며~'
                    <figure class=""article-figure"">
<div class=""figure-img"">
<img alt=""[포토] 아이들, '언제봐도 사랑스러운 그녀들'"" src=""https://img.hankyung.com/photo/202507/03.41236483.1.jpg""/>
</div>
</figure>
                △우기, '인형보다 더 인형 같아~'
                    <figure class=""article-figure"">
<div class=""figure-img"">
<img alt=""[포토] 아이들, '언제봐도 사랑스러운 그녀들'"" src=""https://img.hankyung.com/photo/202507/03.41236482.1.jpg""/>
</div>
</figure>
                △소연, '도도한 눈빛~'
                    <figure class=""article-figure"">
<div class=""figure-img"">
<img alt=""[포토] 아이들, '언제봐도 사랑스러운 그녀들'"" src=""https://img.hankyung.com/photo/202507/03.41236476.1.jpg""/>
</div>
</figure>
                △미연, '예쁜 미소에 심쿵'
                    <figure class=""article-figure"">
<div class=""figure-img"">
<img alt=""[포토] 아이들, '언제봐도 사랑스러운 그녀들'"" src=""https://img.hankyung.com/photo/202507/03.41236477.1.jpg""/>
</div>
</figure>
                △민니, '우아한 모습으로 볼하트~'
                    <figure class=""article-figure"">
<div class=""figure-img"">
<img alt=""[포토] 아이들, '언제봐도 사랑스러운 그녀들'"" src=""https://img.hankyung.com/photo/202507/03.41236479.1.jpg""/>
</div>
</figure>
                △눈부신 아름다움<br/><br/>변성현 한경닷컴 기자 byun84@hankyung.com
                                    </div>"
"[포토] 엔하이픈, '엔진 마음 흔드는 멋짐'","<div class=""article-body"" id=""articletxt"" itemprop=""articleBody"">
<figure class=""article-figure"">
<div class=""figure-img"">
<img alt=""[포토] 엔하이픈, '엔진 마음 흔드는 멋짐'"" src=""https://img.hankyung.com/photo/202507/03.41236288.1.jpg""/>
</div>
</figure>
                그룹 엔하이픈이 27일 경기도 고양시 킨텍스에서 열린 '2025 SBS 가요대전 Summer' 블루카펫 행사에 참석해 포즈를 취하고 있다.
                    <figure class=""article-figure"">
<div class=""figure-img"">
<img alt=""[포토] 엔하이픈, '엔진 마음 흔드는 멋짐'"" src=""https://img.hankyung.com/photo/202507/03.41236282.1.jpg""/>
</div>
</figure>
                △니키, '카리스마 넘치는 눈빛'
                    <figure class=""article-figure"">
<div class=""figure-img"">
<img alt=""[포토] 엔하이픈, '엔진 마음 흔드는 멋짐'"" src=""https://img.hankyung.com/photo/202507/03.41236299.1.jpg""/>
</div>
</figure>
                △제이, '부드러운 눈빛~'
                    <figure class=""article-figure"">
<div class=""figure-img"">
<img alt=""[포토] 엔하이픈, '엔진 마음 흔드는 멋짐'"" src=""https://img.hankyung.com/photo/202507/03.41236296.1.jpg""/>
</div>
</figure>
                △선우, '멋짐 뽐내며 하트~'
                    <figure class=""article-figure"">
<div class=""figure-img"">
<img alt=""[포토] 엔하이픈, '엔진 마음 흔드는 멋짐'"" src=""https://img.hankyung.com/photo/202507/03.41236283.1.jpg""/>
</div>
</figure>
                △성훈, '팬들 마음 흔드는 멋진 눈빛~'
                    <figure class=""article-figure"">
<div class=""figure-img"">
<img alt=""[포토] 엔하이픈, '엔진 마음 흔드는 멋짐'"" src=""https://img.hankyung.com/photo/202507/03.41236294.1.jpg""/>
</div>
</figure>
                △정원, '부드러운 손인사'
                    <figure class=""article-figure"">
<div class=""figure-img"">
<img alt=""[포토] 엔하이픈, '엔진 마음 흔드는 멋짐'"" src=""https://img.hankyung.com/photo/202507/03.41236284.1.jpg""/>
</div>
</figure>
                △희승, '그윽한 눈빛~'
                    <figure class=""article-figure"">
<div class=""figure-img"">
<img alt=""[포토] 엔하이픈, '엔진 마음 흔드는 멋짐'"" src=""https://img.hankyung.com/photo/202507/03.41236281.1.jpg""/>
</div>
</figure>
                △제이크, '엔진 마음 흔드는 멋짐'
                    <figure class=""article-figure"">
<div class=""figure-img"">
<img alt=""[포토] 엔하이픈, '엔진 마음 흔드는 멋짐'"" src=""https://img.hankyung.com/photo/202507/03.41236287.1.jpg""/>
</div>
</figure>
                △감탄 절로 나는 멋진 남자들<br/><br/>변성현 한경닷컴 기자 byun84@hankyung.com
                                    </div>"
"[포토] 스테이씨, '당장 바닷가로 떠날 듯한 시원한 패션'","<div class=""article-body"" id=""articletxt"" itemprop=""articleBody"">
<figure class=""article-figure"">
<div class=""figure-img"">
<img alt=""[포토] 스테이씨, '당장 바닷가로 떠날 듯한 시원한 패션'"" src=""https://img.hankyung.com/photo/202507/03.41236274.1.jpg""/>
</div>
</figure>
                그룹 스테이씨가 27일 경기도 고양시 킨텍스에서 열린 '2025 SBS 가요대전 Summer' 블루카펫 행사에 참석해 포즈를 취하고 있다.
                    <figure class=""article-figure"">
<div class=""figure-img"">
<img alt=""[포토] 스테이씨, '당장 바닷가로 떠날 듯한 시원한 패션'"" src=""https://img.hankyung.com/photo/202507/03.41236273.1.jpg""/>
</div>
</figure>
                △제이, '무표정에도 돋보이는 깜찍 미모'
                    <figure class=""article-figure"">
<div class=""figure-img"">
<img alt=""[포토] 스테이씨, '당장 바닷가로 떠날 듯한 시원한 패션'"" src=""https://img.hankyung.com/photo/202507/03.41236275.1.jpg""/>
</div>
</figure>
                △시은, '깜찍 미모에 눈길~'
                    <figure class=""article-figure"">
<div class=""figure-img"">
<img alt=""[포토] 스테이씨, '당장 바닷가로 떠날 듯한 시원한 패션'"" src=""https://img.hankyung.com/photo/202507/03.41236276.1.jpg""/>
</div>
</figure>
                △세은, '사랑스럽게 하트~'
                    <figure class=""article-figure"">
<div class=""figure-img"">
<img alt=""[포토] 스테이씨, '당장 바닷가로 떠날 듯한 시원한 패션'"" src=""https://img.hankyung.com/photo/202507/03.41236270.1.jpg""/>
</div>
</figure>
                △아이사, '러블리 그 자체~'
                    <figure class=""article-figure"">
<div class=""figure-img"">
<img alt=""[포토] 스테이씨, '당장 바닷가로 떠날 듯한 시원한 패션'"" src=""https://img.hankyung.com/photo/202507/03.41236271.1.jpg""/>
</div>
</figure>
                △수민, '깜찍한 손인사~'
                    <figure class=""article-figure"">
<div class=""figure-img"">
<img alt=""[포토] 스테이씨, '당장 바닷가로 떠날 듯한 시원한 패션'"" src=""https://img.hankyung.com/photo/202507/03.41236272.1.jpg""/>
</div>
</figure>
                △윤, '매혹적인 눈빛'
                    <figure class=""article-figure"">
<div class=""figure-img"">
<img alt=""[포토] 스테이씨, '당장 바닷가로 떠날 듯한 시원한 패션'"" src=""https://img.hankyung.com/photo/202507/03.41236269.1.jpg""/>
</div>
</figure>
                △당장 바닷가로 떠날 듯한 시원한 패션<br/><br/>변성현 한경닷컴 기자 byun84@hankyung.com
                                    </div>"
"[포토] 아일릿, '깜찍한 인형 미모에 눈길'","<div class=""article-body"" id=""articletxt"" itemprop=""articleBody"">
<figure class=""article-figure"">
<div class=""figure-img"">
<img alt=""[포토] 아일릿, '깜찍한 인형 미모에 눈길'"" src=""https://img.hankyung.com/photo/202507/03.41236140.1.jpg""/>
</div>
</figure>
                그룹 아일릿이 27일 경기도 고양시 킨텍스에서 열린 '2025 SBS 가요대전 Summer' 블루카펫 행사에 참석해 포즈를 취하고 있다.
                    <figure class=""article-figure"">
<div class=""figure-img"">
<img alt=""[포토] 아일릿, '깜찍한 인형 미모에 눈길'"" src=""https://img.hankyung.com/photo/202507/03.41236138.1.jpg""/>
</div>
</figure>
                △윤아, '예쁜 미소로 하트~'
                    <figure class=""article-figure"">
<div class=""figure-img"">
<img alt=""[포토] 아일릿, '깜찍한 인형 미모에 눈길'"" src=""https://img.hankyung.com/photo/202507/03.41236141.1.jpg""/>
</div>
</figure>
                △원희, '귀여움 가득~'
                    <figure class=""article-figure"">
<div class=""figure-img"">
<img alt=""[포토] 아일릿, '깜찍한 인형 미모에 눈길'"" src=""https://img.hankyung.com/photo/202507/03.41236135.1.jpg""/>
</div>
</figure>
                △민주, '돋보이는 깜찍 미모'
                    <figure class=""article-figure"">
<div class=""figure-img"">
<img alt=""[포토] 아일릿, '깜찍한 인형 미모에 눈길'"" src=""https://img.hankyung.com/photo/202507/03.41236136.1.jpg""/>
</div>
</figure>
                △이로하, '귀여운 손인사'
                    <figure class=""article-figure"">
<div class=""figure-img"">
<img alt=""[포토] 아일릿, '깜찍한 인형 미모에 눈길'"" src=""https://img.hankyung.com/photo/202507/03.41236137.1.jpg""/>
</div>
</figure>
                △모카, '깜찍한 모습에 시선강탈'
                    <figure class=""article-figure"">
<div class=""figure-img"">
<img alt=""[포토] 아일릿, '깜찍한 인형 미모에 눈길'"" src=""https://img.hankyung.com/photo/202507/03.41236139.1.jpg""/>
</div>
</figure>
                △사랑스러운 소녀들~<br/><br/>변성현 한경닷컴 기자 byun84@hankyung.com
                                    </div>"
"[포토] 베이비몬스터, '도도함 가득한 모습에 눈길~'","<div class=""article-body"" id=""articletxt"" itemprop=""articleBody"">
<figure class=""article-figure"">
<div class=""figure-img"">
<img alt=""[포토] 베이비몬스터, '도도함 가득한 모습에 눈길~'"" src=""https://img.hankyung.com/photo/202507/03.41236123.1.jpg""/>
</div>
</figure>
                그룹 베이비몬스터가 27일 경기도 고양시 킨텍스에서 열린 '2025 SBS 가요대전 Summer' 블루카펫 행사에 참석해 포즈를 취하고 있다.
                    <figure class=""article-figure"">
<div class=""figure-img"">
<img alt=""[포토] 베이비몬스터, '도도함 가득한 모습에 눈길~'"" src=""https://img.hankyung.com/photo/202507/03.41236119.1.jpg""/>
</div>
</figure>
                △아사, '돋보이는 예쁨~'
                    <figure class=""article-figure"">
<div class=""figure-img"">
<img alt=""[포토] 베이비몬스터, '도도함 가득한 모습에 눈길~'"" src=""https://img.hankyung.com/photo/202507/03.41236121.1.jpg""/>
</div>
</figure>
                △파리타, '예쁜 미소~'
                    <figure class=""article-figure"">
<div class=""figure-img"">
<img alt=""[포토] 베이비몬스터, '도도함 가득한 모습에 눈길~'"" src=""https://img.hankyung.com/photo/202507/03.41236118.1.jpg""/>
</div>
</figure>
                △루카, '깜찍함 가득~'
                    <figure class=""article-figure"">
<div class=""figure-img"">
<img alt=""[포토] 베이비몬스터, '도도함 가득한 모습에 눈길~'"" src=""https://img.hankyung.com/photo/202507/03.41236120.1.jpg""/>
</div>
</figure>
                △아현, '귀여움 가득~'
                    <figure class=""article-figure"">
<div class=""figure-img"">
<img alt=""[포토] 베이비몬스터, '도도함 가득한 모습에 눈길~'"" src=""https://img.hankyung.com/photo/202507/03.41236124.1.jpg""/>
</div>
</figure>
                △치키타, '애교 가득한 미소~'
                    <figure class=""article-figure"">
<div class=""figure-img"">
<img alt=""[포토] 베이비몬스터, '도도함 가득한 모습에 눈길~'"" src=""https://img.hankyung.com/photo/202507/03.41236125.1.jpg""/>
</div>
</figure>
                △로라, '사랑스러운 미소~'
                    <figure class=""article-figure"">
<div class=""figure-img"">
<img alt=""[포토] 베이비몬스터, '도도함 가득한 모습에 눈길~'"" src=""https://img.hankyung.com/photo/202507/03.41236122.1.jpg""/>
</div>
</figure>
                △블랙으로 도도하게~<br/><br/>변성현 한경닷컴 기자 byun84@hankyung.com
                                    </div>"
"[포토] 하츠투하츠, '청순미 돋보이는 우아한 소녀들'","<div class=""article-body"" id=""articletxt"" itemprop=""articleBody"">
<figure class=""article-figure"">
<div class=""figure-img"">
<img alt=""[포토] 하츠투하츠, '청순미 돋보이는 우아한 소녀들'"" src=""https://img.hankyung.com/photo/202507/03.41235899.1.jpg""/>
</div>
</figure>
                그룹 하츠투하츠가 27일 경기도 고양시 킨텍스에서 열린 '2025 SBS 가요대전 Summer' 블루카펫 행사에 참석해 포즈를 취하고 있다.
                    <figure class=""article-figure"">
<div class=""figure-img"">
<img alt=""[포토] 하츠투하츠, '청순미 돋보이는 우아한 소녀들'"" src=""https://img.hankyung.com/photo/202507/03.41235903.1.jpg""/>
</div>
</figure>
                △예온, '깜찍한 막내~'
                    <figure class=""article-figure"">
<div class=""figure-img"">
<img alt=""[포토] 하츠투하츠, '청순미 돋보이는 우아한 소녀들'"" src=""https://img.hankyung.com/photo/202507/03.41235904.1.jpg""/>
</div>
</figure>
                △스텔라, '돋보이는 청순미'
                    <figure class=""article-figure"">
<div class=""figure-img"">
<img alt=""[포토] 하츠투하츠, '청순미 돋보이는 우아한 소녀들'"" src=""https://img.hankyung.com/photo/202507/03.41235902.1.jpg""/>
</div>
</figure>
                △유하, '예쁨 가득~'
                    <figure class=""article-figure"">
<div class=""figure-img"">
<img alt=""[포토] 하츠투하츠, '청순미 돋보이는 우아한 소녀들'"" src=""https://img.hankyung.com/photo/202507/03.41235895.1.jpg""/>
</div>
</figure>
                △이안, '귀여워~귀여워~'
                    <figure class=""article-figure"">
<div class=""figure-img"">
<img alt=""[포토] 하츠투하츠, '청순미 돋보이는 우아한 소녀들'"" src=""https://img.hankyung.com/photo/202507/03.41235897.1.jpg""/>
</div>
</figure>
                △에이나, '우아한 모습에 눈길~'
                    <figure class=""article-figure"">
<div class=""figure-img"">
<img alt=""[포토] 하츠투하츠, '청순미 돋보이는 우아한 소녀들'"" src=""https://img.hankyung.com/photo/202507/03.41235901.1.jpg""/>
</div>
</figure>
                △주은, '도도하게~'
                    <figure class=""article-figure"">
<div class=""figure-img"">
<img alt=""[포토] 하츠투하츠, '청순미 돋보이는 우아한 소녀들'"" src=""https://img.hankyung.com/photo/202507/03.41235898.1.jpg""/>
</div>
</figure>
                △카르멘, '깜찍함 가득~'
                    <figure class=""article-figure"">
<div class=""figure-img"">
<img alt=""[포토] 하츠투하츠, '청순미 돋보이는 우아한 소녀들'"" src=""https://img.hankyung.com/photo/202507/03.41235896.1.jpg""/>
</div>
</figure>
                △지우, '눈 뗄 수 없는 예쁨'
                    <figure class=""article-figure"">
<div class=""figure-img"">
<img alt=""[포토] 하츠투하츠, '청순미 돋보이는 우아한 소녀들'"" src=""https://img.hankyung.com/photo/202507/03.41235900.1.jpg""/>
</div>
</figure>
                △우아한 소녀들<br/><br/>변성현 한경닷컴 기자 byun84@hankyung.com
                                    </div>"
"[포토] 키키, '매력 가득한 소녀들'","<div class=""article-body"" id=""articletxt"" itemprop=""articleBody"">
<figure class=""article-figure"">
<div class=""figure-img"">
<img alt=""[포토] 키키, '매력 가득한 소녀들'"" src=""https://img.hankyung.com/photo/202507/03.41235857.1.jpg""/>
</div>
</figure>
                그룹 키키가 27일 경기도 고양시 킨텍스에서 열린 '2025 SBS 가요대전 Summer' 블루카펫 행사에 참석해 포즈를 취하고 있다.
                    <figure class=""article-figure"">
<div class=""figure-img"">
<img alt=""[포토] 키키, '매력 가득한 소녀들'"" src=""https://img.hankyung.com/photo/202507/03.41235858.1.jpg""/>
</div>
</figure>
                △키야, '깜찍한 볼하트~'
                    <figure class=""article-figure"">
<div class=""figure-img"">
<img alt=""[포토] 키키, '매력 가득한 소녀들'"" src=""https://img.hankyung.com/photo/202507/03.41235855.1.jpg""/>
</div>
</figure>
                △이솔, '돋보이는 예쁨'
                    <figure class=""article-figure"">
<div class=""figure-img"">
<img alt=""[포토] 키키, '매력 가득한 소녀들'"" src=""https://img.hankyung.com/photo/202507/03.41235854.1.jpg""/>
</div>
</figure>
                △지유, '깜찍함 그 자체~'
                    <figure class=""article-figure"">
<div class=""figure-img"">
<img alt=""[포토] 키키, '매력 가득한 소녀들'"" src=""https://img.hankyung.com/photo/202507/03.41235853.1.jpg""/>
</div>
</figure>
                △하음, '매력적인 미소~'
                    <figure class=""article-figure"">
<div class=""figure-img"">
<img alt=""[포토] 키키, '매력 가득한 소녀들'"" src=""https://img.hankyung.com/photo/202507/03.41235851.1.jpg""/>
</div>
</figure>
                △수이, '눈부신 미모에 시선강탈'
                    <figure class=""article-figure"">
<div class=""figure-img"">
<img alt=""[포토] 키키, '매력 가득한 소녀들'"" src=""https://img.hankyung.com/photo/202507/03.41235856.1.jpg""/>
</div>
</figure>
                △매력 가득한 소녀들<br/><br/>변성현 한경닷컴 기자 byun84@hankyung.com
                                    </div>"
"[포토] 킥플립, '멋짐 가득한 모습에 시선강탈'","<div class=""article-body"" id=""articletxt"" itemprop=""articleBody"">
<figure class=""article-figure"">
<div class=""figure-img"">
<img alt=""[포토] 킥플립, '멋짐 가득한 모습에 시선강탈'"" src=""https://img.hankyung.com/photo/202507/03.41235673.1.jpg""/>
</div>
</figure>
                그룹 킥플립이 27일 경기도 고양시 킨텍스에서 열린 '2025 SBS 가요대전 Summer' 블루카펫 행사에 참석해 포즈를 취하고 있다.
                    <figure class=""article-figure"">
<div class=""figure-img"">
<img alt=""[포토] 킥플립, '멋짐 가득한 모습에 시선강탈'"" src=""https://img.hankyung.com/photo/202507/03.41235680.1.jpg""/>
</div>
</figure>
                △주왕, '부드러운 눈빛'
                    <figure class=""article-figure"">
<div class=""figure-img"">
<img alt=""[포토] 킥플립, '멋짐 가득한 모습에 시선강탈'"" src=""https://img.hankyung.com/photo/202507/03.41235679.1.jpg""/>
</div>
</figure>
                △동화, '귀엽게 브이~'
                    <figure class=""article-figure"">
<div class=""figure-img"">
<img alt=""[포토] 킥플립, '멋짐 가득한 모습에 시선강탈'"" src=""https://img.hankyung.com/photo/202507/03.41235678.1.jpg""/>
</div>
</figure>
                △케이주, '귀여운 미소'
                    <figure class=""article-figure"">
<div class=""figure-img"">
<img alt=""[포토] 킥플립, '멋짐 가득한 모습에 시선강탈'"" src=""https://img.hankyung.com/photo/202507/03.41235672.1.jpg""/>
</div>
</figure>
                △계훈, '멋짐 가득한 미소'
                    <figure class=""article-figure"">
<div class=""figure-img"">
<img alt=""[포토] 킥플립, '멋짐 가득한 모습에 시선강탈'"" src=""https://img.hankyung.com/photo/202507/03.41235676.1.jpg""/>
</div>
</figure>
                △동현, '멋진 손인사~'
                    <figure class=""article-figure"">
<div class=""figure-img"">
<img alt=""[포토] 킥플립, '멋짐 가득한 모습에 시선강탈'"" src=""https://img.hankyung.com/photo/202507/03.41235675.1.jpg""/>
</div>
</figure>
                △민제, '멋진 모습에 시선강탈'
                    <figure class=""article-figure"">
<div class=""figure-img"">
<img alt=""[포토] 킥플립, '멋짐 가득한 모습에 시선강탈'"" src=""https://img.hankyung.com/photo/202507/03.41235674.1.jpg""/>
</div>
</figure>
                △아마루, '귀여움 가득한 모습'
                    <figure class=""article-figure"">
<div class=""figure-img"">
<img alt=""[포토] 킥플립, '멋짐 가득한 모습에 시선강탈'"" src=""https://img.hankyung.com/photo/202507/03.41235677.1.jpg""/>
</div>
</figure>
                △팬들 마음 흔드는 멋짐<br/><br/>변성현 한경닷컴 기자 byun84@hankyung.com
                                    </div>"
"[포토] 클로즈 유어 아이즈, '팬들 마음 흔드는 멋진 모습'","<div class=""article-body"" id=""articletxt"" itemprop=""articleBody"">
<figure class=""article-figure"">
<div class=""figure-img"">
<img alt=""[포토] 클로즈 유어 아이즈, '팬들 마음 흔드는 멋진 모습'"" src=""https://img.hankyung.com/photo/202507/03.41235477.1.jpg""/>
</div>
</figure>
                그룹 클로즈 유어 아이즈가 27일 경기도 고양시 킨텍스에서 열린 '2025 SBS 가요대전 Summer' 블루카펫 행사에 참석해 포즈를 취하고 있다.
                    <figure class=""article-figure"">
<div class=""figure-img"">
<img alt=""[포토] 클로즈 유어 아이즈, '팬들 마음 흔드는 멋진 모습'"" src=""https://img.hankyung.com/photo/202507/03.41235483.1.jpg""/>
</div>
</figure>
                △켄신, '부드러운 눈빛~'
                    <figure class=""article-figure"">
<div class=""figure-img"">
<img alt=""[포토] 클로즈 유어 아이즈, '팬들 마음 흔드는 멋진 모습'"" src=""https://img.hankyung.com/photo/202507/03.41235482.1.jpg""/>
</div>
</figure>
                △송승호, '멋진 모습에 눈길'
                    <figure class=""article-figure"">
<div class=""figure-img"">
<img alt=""[포토] 클로즈 유어 아이즈, '팬들 마음 흔드는 멋진 모습'"" src=""https://img.hankyung.com/photo/202507/03.41235481.1.jpg""/>
</div>
</figure>
                △전민욱, '멋진 모습에 시선강탈'
                    <figure class=""article-figure"">
<div class=""figure-img"">
<img alt=""[포토] 클로즈 유어 아이즈, '팬들 마음 흔드는 멋진 모습'"" src=""https://img.hankyung.com/photo/202507/03.41235480.1.jpg""/>
</div>
</figure>
                △마징시앙, '멋진 모습에 눈길'
                    <figure class=""article-figure"">
<div class=""figure-img"">
<img alt=""[포토] 클로즈 유어 아이즈, '팬들 마음 흔드는 멋진 모습'"" src=""https://img.hankyung.com/photo/202507/03.41235476.1.jpg""/>
</div>
</figure>
                △장여준, '팬들에게 멋진 손인사'
                    <figure class=""article-figure"">
<div class=""figure-img"">
<img alt=""[포토] 클로즈 유어 아이즈, '팬들 마음 흔드는 멋진 모습'"" src=""https://img.hankyung.com/photo/202507/03.41235474.1.jpg""/>
</div>
</figure>
                △서경배, '멋진 미소'
                    <figure class=""article-figure"">
<div class=""figure-img"">
<img alt=""[포토] 클로즈 유어 아이즈, '팬들 마음 흔드는 멋진 모습'"" src=""https://img.hankyung.com/photo/202507/03.41235475.1.jpg""/>
</div>
</figure>
                △김성민, '팬들 반하게 만드는 눈빛'
                    <figure class=""article-figure"">
<div class=""figure-img"">
<img alt=""[포토] 클로즈 유어 아이즈, '팬들 마음 흔드는 멋진 모습'"" src=""https://img.hankyung.com/photo/202507/03.41235478.1.jpg""/>
</div>
</figure>
                △멋지게 슈트 입고
                    <figure class=""article-figure"">
<div class=""figure-img"">
<img alt=""[포토] 클로즈 유어 아이즈, '팬들 마음 흔드는 멋진 모습'"" src=""https://img.hankyung.com/photo/202507/03.41235479.1.jpg""/>
</div>
</figure>
                △팬들 마음 흔드는 눈빛<br/><br/>변성현 한경닷컴 기자 byun84@hankyung.com
                                    </div>"
"참 잘 논다, 보이넥스트도어…마이크 쥐고 3시간 '라이브 폭격' [리뷰]","<div class=""article-body"" id=""articletxt"" itemprop=""articleBody"">
<figure class=""article-figure"">
<div class=""figure-img"">
<img alt=""그룹 보이넥스트도어 /사진=KOZ엔터테인먼트 제공"" src=""https://img.hankyung.com/photo/202507/01.41235369.1.jpg""/>
</div>
<figcaption class=""figure-caption"" style=""width:1200px;"">그룹 보이넥스트도어 /사진=KOZ엔터테인먼트 제공</figcaption>
</figure>
                그룹 보이넥스트도어가 자신감 넘치는 라이브 퍼포먼스로 팀의 존재 이유를 증명해냈다. 여섯 명의 멤버들은 약 3시간 동안 핸드마이크를 꼭 쥐고 때로는 독기 있게, 때로는 여유 넘치게 무대를 누비며 '참 잘 논다'는 게 무엇인지 보여줬다.<br/><br/>보이넥스트도어(성호, 리우, 명재현, 태산, 이한, 운학)는 27일 서울 송파구 KSPO DOME(올림픽체조경기장)에서 '노크 온 볼륨1 파이널(KNOCK ON Vol.1 FINAL)'을 개최했다. 지난 25, 26일에 이은 3회차 공연으로, 첫 단독 투어를 매듭짓는 마지막 무대다.<br/><br/>이번 투어는 지난해 12월 인천 인스파이어 아레나에서 출발해 총 13개 도시에서 23회에 걸쳐 진행됐다. 그 막을 내리는 파이널 무대로 KSPO DOME에 입성하게 된 보이넥스트도어는 3회차 전석 매진을 기록하며 나날이 높아지는 인기를 실감케 했다. 소속사 KOZ엔터테인먼트(하이브 산하 레이블)에 따르면 3일간의 총 관객 수는 3만3000명이다.<br/><br/>보이넥스트도어는 자유분방하고 당찬 에너지를 내세워 '친근한 느낌의 실력파'로 팀 컬러를 구축해온 팀이다. 이러한 기세에 걸맞게 여섯 멤버는 시작부터 핸드마이크를 쥐고 거침없이 무대를 누볐다. 그루비한 음악이 흐르는 바를 연상케 하는 연출과 연기, 시원한 밴드 사운드가 적절하게 어우러지면서 단숨에 관객들의 시청각을 만족시켰다.<br/><br/>'나이스 가이'로 포문을 연 보이넥스트도어는 '세레나데', '123-78'까지 잇달아 3곡을 소화하며 장내 온도를 확 끌어올렸다. 퍼포먼스 합을 맞추면서도 마이크를 쥐고 놀라울 정도로 안정적인 가창력과 집중력을 선보였다. 데뷔와 동시에 '핫 루키'로 급부상하며 가파르게 치솟은 보이넥스트도어 인기의 이유를 단 3곡의 오프닝만으로 확인할 수 있었다.
                    <figure class=""article-figure"">
<div class=""figure-img"">
<img alt=""참 잘 논다, 보이넥스트도어…마이크 쥐고 3시간 '라이브 폭격' [리뷰]"" src=""https://img.hankyung.com/photo/202507/01.41235371.1.jpg""/>
</div>
</figure>
                ""메이크 썸 노이즈!""<br/><br/>오프닝을 마친 멤버들은 한껏 신난 표정으로 팬들의 호응을 유도했다. 데뷔한 지 갓 2년을 넘긴 팀이라고는 믿기지 않는 여유로운 무대 매너로 원도어(공식 팬덤명)와 반갑게 인사했다.<br/><br/>명재현은 ""좋다. 오늘 뜨겁다""며 만족스러워했고, 운학은 ""이제 저희에겐 내일이 없다. 여러분도 내일이 없다는 마음으로 즐길 준비 됐냐. 멋있고 재밌게 놀아보자""고 외쳐 박수받았다. 아울러 이들은 공연이 매진된 것에 감사함을 표하며 ""보이넥스트도어가 정말 성장하긴 했다. 여러분들이 같이 커 온 산 증인들""이라고 말해 팬들을 웃게 했다.<br/><br/>보이넥스트도어의 정체성에 걸맞게 무대 연출은 깔끔하게 이들 자체의 매력과 실력에 집중할 수 있도록 구성했다. 화려하게 압도감을 주는 방식 대신 각 잡히지 않은 분위기 속에서 팬들과 소통하고 즐기는 느낌이었다. 보이넥스트도어의 팀명에도 들어가는 글자인 'X' 형태의 거대한 구조물이 계단으로 바뀌어 멤버들이 팬들과 눈을 맞추며 노래할 수 있었고, 62m의 와이드 LED를 통해 다채로운 영상이 나왔다.<br/><br/>객석으로 내려와 친밀하게 팬들과 교감할 때는 그야말로 현장이 열광의 도가니가 됐다. '돌아버리겠다', '원 앤 온리', '스텝 바이 스텝', '암네시아', '페이드 어웨이'까지 특유의 자유로운 바이브로 소화한 보이넥스트도어는 무대 아래에서도 팬들의 손을 잡고, 카메라를 받아서 들어 사진을 찍어주는 등 격 없는 소통을 이어갔다.
                    <figure class=""article-figure"">
<div class=""figure-img"">
<img alt=""참 잘 논다, 보이넥스트도어…마이크 쥐고 3시간 '라이브 폭격' [리뷰]"" src=""https://img.hankyung.com/photo/202507/01.41235372.1.jpg""/>
</div>
</figure>
<figure class=""article-figure"">
<div class=""figure-img"">
<img alt=""참 잘 논다, 보이넥스트도어…마이크 쥐고 3시간 '라이브 폭격' [리뷰]"" src=""https://img.hankyung.com/photo/202507/01.41235366.1.jpg""/>
</div>
</figure>
<figure class=""article-figure"">
<div class=""figure-img"">
<img alt=""참 잘 논다, 보이넥스트도어…마이크 쥐고 3시간 '라이브 폭격' [리뷰]"" src=""https://img.hankyung.com/photo/202507/01.41235365.1.jpg""/>
</div>
</figure>
<figure class=""article-figure"">
<div class=""figure-img"">
<img alt=""참 잘 논다, 보이넥스트도어…마이크 쥐고 3시간 '라이브 폭격' [리뷰]"" src=""https://img.hankyung.com/photo/202507/01.41235373.1.jpg""/>
</div>
</figure>
                보이넥스트도의 목소리에 빠져들 수 있는 특별한 유닛 커버 무대도 준비했다. 성호·리우·명재현은 프라이머리의 '씨스루'를, 태산·이한·운학은 데이식스의 '콩그레츄레이션'을 불러 신선함을 안겼다. 팬들은 환호와 박수로 화답했다.<br/><br/>음원차트를 석권하며 팀에게 대중성을 부여했던 최고 히트곡 '오늘만 아이 러브 유' 무대는 원도어와의 감미로운 하모니로 시작했다. 보이넥스트도어의 선창에 이어 팬들이 부드럽게 노래를 따라부르며 환상적인 분위기가 만들어졌다. 이어 멤버들은 재기발랄한 무브먼트로 퍼포먼스까지 완벽하게 선보이며 폭발적인 반응을 끌어냈다.<br/><br/>공연이 후반부에 접어들었음에도 보이넥스트도어에게서 지친 기색은 찾아볼 수 없었다. '아이 필 굿', '부모님 관람불가', '뭣 같아'로 이어지는 구간에서는 뜨거운 열정이 무대를 채우다 못해 객석으로 흘러넘쳤다. 가슴을 쿵쿵 울릴 정도로 시원하게 터지는 밴드 라이브와 경쟁하듯 보이넥스트도어는 단단한 보컬, 날카로운 래핑, 거친 안무를 쏟아냈다. 순간 독기가 느껴졌다.
                    <figure class=""article-figure"">
<div class=""figure-img"">
<img alt=""참 잘 논다, 보이넥스트도어…마이크 쥐고 3시간 '라이브 폭격' [리뷰]"" src=""https://img.hankyung.com/photo/202507/01.41235364.1.jpg""/>
</div>
</figure>
<figure class=""article-figure"">
<div class=""figure-img"">
<img alt=""참 잘 논다, 보이넥스트도어…마이크 쥐고 3시간 '라이브 폭격' [리뷰]"" src=""https://img.hankyung.com/photo/202507/01.41235363.1.jpg""/>
</div>
</figure>
                진심이 묻어나는 세트리스트는 여운을 남겼다. ""보이넥스트도어는 시선에 신경 쓰기보다는 저희가 보여주고 싶은 걸 솔직하게 보여주는 팀이라 생각한다. 동시에 상처 입고, 외롭고, 쓸쓸한 사람들을 위해 노래해 주는 팀""이라는 명재현의 말에 이어 '크라잉', '디어 마이 달링', '돌멩이' 등 보컬 곡들이 위로를 안겼다.<br/><br/>'어스, 윈드 앤 파이어'로 다시금 분위기를 전환한 뒤에는 본 공연 못지않게 풍성한 앙코르를 선보였다. '스물', '400 이어스', '쏘 렛츠 고 씨 더 스타즈'에 이어 메들리까지 준비해 부족함 없는 완벽한 마침표를 찍었다.<br/><br/>공연을 마치며 태산은 ""시원섭섭하고 아쉬운 점도 있는데, 팬분들과 좋은 추억을 만들 수 있었던 것 같아서 후회는 없다. 우리가 무언가를 할 때는 항상 팬분들이 함께해 주고, 늘 좋은 말과 응원만 보내준다는 생각에 벅차올라서 어제 잠을 좀 설쳤다""고 털어놨다. 이어 ""우리랑 함께할 때는 늘 좋은 영향만 받으셨으면 한다. 볼륨2와 롤라팔루자도 기대해 달라. 진짜 많이 사랑하고 감사하다""고 덧붙였다.<br/><br/>성호는 ""처음 인천 콘서트부터 지금까지 정말 많은 걸 배웠다. 내겐 없었으면 안 됐을 시간들""이라면서 ""KSPO DOME이 정말 꿈꾸던 무대인데 원도어를 담기엔 작다. 원도어를 다 담을 수 있고, 저희가 보여드릴 수 있는 무한한 가능성의 무대들을 다 보여드리려면 우리가 더 많이 성장해야겠다고 느꼈다""고 고백했다.<br/><br/>특히 그는 가족들에게 고마움을 전하다가 눈물을 보이기도 했다. 성호는 ""내가 좀 소홀했어도, 지금 하는 일이 이렇게 가치 있는 일이니 조금만 더 기다려 달라고 말하고 싶다""고 했다.
                    <figure class=""article-figure"">
<div class=""figure-img"">
<img alt=""참 잘 논다, 보이넥스트도어…마이크 쥐고 3시간 '라이브 폭격' [리뷰]"" src=""https://img.hankyung.com/photo/202507/01.41235370.1.jpg""/>
</div>
</figure>
                명재현은 ""끝이 있으면 시작도 있는 거지 않나. 이제 우리는 더 멀리 갈 수 있지 않을까 싶다""고 밝혔다. 명재현도 가족과 멤버들에게 고마운 마음을 전하며 눈물을 흘렸다. 이어 팬들을 향해 ""우리의 존재 이유가 여러분들이라는 걸 잊지 않아 주셨으면 한다""며 ""하루하루 허투루 쓰지 않는 가수가 되겠다""고 약속했다.<br/><br/>이한은 ""투어를 시작할 때만 해도 이렇게 많은 원도어를 한 공간에서 만날 줄 몰랐다. 힘들 때면 팬분들의 얼굴이 생각난다. 앞으로도 이렇게 큰 무대에서 여러분들과 함께할 수 있기를 기대하고 있다. 사랑만 나눠줄 수 있는 가수가 되겠다""고 다짐했다.<br/><br/>리우는 ""원도어 앞에 서면 없던 힘도 생겨서 결국 보이넥스트도어가 된다. 원도어도 단순히 우리를 좋아만 하지 말고, 우리에게서 힘과 용기를 받길 바란다. 앞으로도 여러분 옆에서 함께할 거다. 볼륨 1이 끝났는데, 이제 볼륨 398까지 남은 것""이라고 말해 팬들을 기쁘게 했다.<br/><br/>끝으로 운학은 '우리 아들 사랑해 줘서 고맙다. 원도어 덕에 잘 키운 것 같다'고 한 부모님의 말을 전하며 울컥했다. 그는 ""7개월 동안 단 한 순간도 잊고 싶은 순간이 없을 정도로 행복했다. 첫 번째 기억은 절대 못 잊지 않나. 아마 우리도 첫 번째 투어를 돌았던 모든 도시와 사랑을 준 원도어를 잊지 못할 것""이라며 계속해 나아가겠다는 각오를 전했다.<br/><br/>김수영 한경닷컴 기자 swimmingk@hankyung.com
                                    </div>"
"[포토] 베이비 돈 크라이, '돋보이는 깜찍 미모'","<div class=""article-body"" id=""articletxt"" itemprop=""articleBody"">
<figure class=""article-figure"">
<div class=""figure-img"">
<img alt=""[포토] 베이비 돈 크라이, '돋보이는 깜찍 미모'"" src=""https://img.hankyung.com/photo/202507/03.41234761.1.jpg""/>
</div>
</figure>
                그룹 베이비 돈 크라이가 27일 경기도 고양시 킨텍스에서 열린 '2025 SBS 가요대전 Summer' 블루카펫 행사에 참석해 포즈를 취하고 있다.
                    <figure class=""article-figure"">
<div class=""figure-img"">
<img alt=""[포토] 베이비 돈 크라이, '돋보이는 깜찍 미모'"" src=""https://img.hankyung.com/photo/202507/03.41234764.1.jpg""/>
</div>
</figure>
                △쿠미, '귀엽게 웃는 모습이 예쁘네~'
                    <figure class=""article-figure"">
<div class=""figure-img"">
<img alt=""[포토] 베이비 돈 크라이, '돋보이는 깜찍 미모'"" src=""https://img.hankyung.com/photo/202507/03.41234762.1.jpg""/>
</div>
</figure>
                △이현, '돋보이는 깜찍 미모'
                    <figure class=""article-figure"">
<div class=""figure-img"">
<img alt=""[포토] 베이비 돈 크라이, '돋보이는 깜찍 미모'"" src=""https://img.hankyung.com/photo/202507/03.41234763.1.jpg""/>
</div>
</figure>
                △미아, '인형이 따로 없네~'
                    <figure class=""article-figure"">
<div class=""figure-img"">
<img alt=""[포토] 베이비 돈 크라이, '돋보이는 깜찍 미모'"" src=""https://img.hankyung.com/photo/202507/03.41234760.1.jpg""/>
</div>
</figure>
                △베니, '도도한 막내'<br/><br/>변성현 한경닷컴 기자 byun84@hankyung.com
                                    </div>"
"[포토] 힛지스, '순백의 의상 입고 러블리하게~'","<div class=""article-body"" id=""articletxt"" itemprop=""articleBody"">
<figure class=""article-figure"">
<div class=""figure-img"">
<img alt=""[포토] 힛지스, '순백의 의상 입고 러블리하게~'"" src=""https://img.hankyung.com/photo/202507/03.41234725.1.jpg""/>
</div>
</figure>
                그룹 힛지스가 27일 경기도 고양시 킨텍스에서 열린 '2025 SBS 가요대전 Summer' 블루카펫 행사에 참석해 포즈를 취하고 있다.
                    <figure class=""article-figure"">
<div class=""figure-img"">
<img alt=""[포토] 힛지스, '순백의 의상 입고 러블리하게~'"" src=""https://img.hankyung.com/photo/202507/03.41234724.1.jpg""/>
</div>
</figure>
                △비비, '돋보이는 인형 미모'
                    <figure class=""article-figure"">
<div class=""figure-img"">
<img alt=""[포토] 힛지스, '순백의 의상 입고 러블리하게~'"" src=""https://img.hankyung.com/photo/202507/03.41234722.1.jpg""/>
</div>
</figure>
                △이유, '깜찍한 막내~'
                    <figure class=""article-figure"">
<div class=""figure-img"">
<img alt=""[포토] 힛지스, '순백의 의상 입고 러블리하게~'"" src=""https://img.hankyung.com/photo/202507/03.41234723.1.jpg""/>
</div>
</figure>
                △서희, '깜찍함 가득~'
                    <figure class=""article-figure"">
<div class=""figure-img"">
<img alt=""[포토] 힛지스, '순백의 의상 입고 러블리하게~'"" src=""https://img.hankyung.com/photo/202507/03.41234720.1.jpg""/>
</div>
</figure>
                △혜린, '깨물어주고 싶은 깜찍함'
                    <figure class=""article-figure"">
<div class=""figure-img"">
<img alt=""[포토] 힛지스, '순백의 의상 입고 러블리하게~'"" src=""https://img.hankyung.com/photo/202507/03.41234721.1.jpg""/>
</div>
</figure>
                △서진, '우아함 물씬~'<br/><br/>변성현 한경닷컴 기자 byun84@hankyung.com
                                    </div>"
"[포토] 우즈, '건강하게 돌아왔습니다'","<div class=""article-body"" id=""articletxt"" itemprop=""articleBody"">
<figure class=""article-figure"">
<div class=""figure-img"">
<img alt=""[포토] 우즈, '건강하게 돌아왔습니다'"" src=""https://img.hankyung.com/photo/202507/03.41234668.1.jpg""/>
</div>
</figure>
                가수 우즈(WOODZ, 조승연)이 27일 경기도 고양시 킨텍스에서 열린 '2025 SBS 가요대전 Summer' 블루카펫 행사에 참석해 포즈를 취하고 있다.
                    <figure class=""article-figure"">
<div class=""figure-img"">
<img alt=""[포토] 우즈, '건강하게 돌아왔습니다'"" src=""https://img.hankyung.com/photo/202507/03.41234669.1.jpg""/>
</div>
</figure>
                △부드러운 손인사~
                    <figure class=""article-figure"">
<div class=""figure-img"">
<img alt=""[포토] 우즈, '건강하게 돌아왔습니다'"" src=""https://img.hankyung.com/photo/202507/03.41234666.1.jpg""/>
</div>
</figure>
                △멋지게 볼하트~
                    <figure class=""article-figure"">
<div class=""figure-img"">
<img alt=""[포토] 우즈, '건강하게 돌아왔습니다'"" src=""https://img.hankyung.com/photo/202507/03.41234664.1.jpg""/>
</div>
</figure>
                △부드러운 미소로 하트~
                    <figure class=""article-figure"">
<div class=""figure-img"">
<img alt=""[포토] 우즈, '건강하게 돌아왔습니다'"" src=""https://img.hankyung.com/photo/202507/03.41234665.1.jpg""/>
</div>
</figure>
                △건강하게 돌아왔습니다
                    <figure class=""article-figure"">
<div class=""figure-img"">
<img alt=""[포토] 우즈, '건강하게 돌아왔습니다'"" src=""https://img.hankyung.com/photo/202507/03.41234667.1.jpg""/>
</div>
</figure>
                △팬들과 반가운 인사△<br/><br/>변성현 한경닷컴 기자 byun84@hankyung.com
                                    </div>"
"[포토] 아이딧, '차세대 글로벌 아이돌을 꿈꾼다'","<div class=""article-body"" id=""articletxt"" itemprop=""articleBody"">
<figure class=""article-figure"">
<div class=""figure-img"">
<img alt=""[포토] 아이딧, '차세대 글로벌 아이돌을 꿈꾼다'"" src=""https://img.hankyung.com/photo/202507/03.41234605.1.jpg""/>
</div>
</figure>
                그룹 아이딧(IDID)이 27일 경기도 고양시 킨텍스에서 열린 '2025 SBS 가요대전 Summer' 블루카펫 행사에 참석해 포즈를 취하고 있다.
                    <figure class=""article-figure"">
<div class=""figure-img"">
<img alt=""[포토] 아이딧, '차세대 글로벌 아이돌을 꿈꾼다'"" src=""https://img.hankyung.com/photo/202507/03.41234604.1.jpg""/>
</div>
</figure>
                △아이딧(IDID) 입니다~
                    <figure class=""article-figure"">
<div class=""figure-img"">
<img alt=""[포토] 아이딧, '차세대 글로벌 아이돌을 꿈꾼다'"" src=""https://img.hankyung.com/photo/202507/03.41234603.1.jpg""/>
</div>
</figure>
                △만나서 반가워~<br/><br/>변성현 한경닷컴 기자 byun84@hankyung.com
                                    </div>"
"[포토] 아이브 안유진, '눈부신 여신 비주얼~'","<div class=""article-body"" id=""articletxt"" itemprop=""articleBody"">
<figure class=""article-figure"">
<div class=""figure-img"">
<img alt=""[포토] 아이브 안유진, '눈부신 여신 비주얼~'"" src=""https://img.hankyung.com/photo/202507/03.41229818.1.jpg""/>
</div>
</figure>
                그룹 아이브 안유진이 26일 경기도 고양시 킨텍스에서 열린 '2025 SBS 가요대전 Summer' 블루카펫 행사에 참석해 포즈를 취하고 있다.
                    <figure class=""article-figure"">
<div class=""figure-img"">
<img alt=""[포토] 아이브 안유진, '눈부신 여신 비주얼~'"" src=""https://img.hankyung.com/photo/202507/03.41229822.1.jpg""/>
</div>
</figure>
                △예쁨 가득~
                    <figure class=""article-figure"">
<div class=""figure-img"">
<img alt=""[포토] 아이브 안유진, '눈부신 여신 비주얼~'"" src=""https://img.hankyung.com/photo/202507/03.41229821.1.jpg""/>
</div>
</figure>
                △러블리 그 자체~
                    <figure class=""article-figure"">
<div class=""figure-img"">
<img alt=""[포토] 아이브 안유진, '눈부신 여신 비주얼~'"" src=""https://img.hankyung.com/photo/202507/03.41229820.1.jpg""/>
</div>
</figure>
                △우아한 발걸음
                    <figure class=""article-figure"">
<div class=""figure-img"">
<img alt=""[포토] 아이브 안유진, '눈부신 여신 비주얼~'"" src=""https://img.hankyung.com/photo/202507/03.41229825.1.jpg""/>
</div>
</figure>
                △우아하게~
                    <figure class=""article-figure"">
<div class=""figure-img"">
<img alt=""[포토] 아이브 안유진, '눈부신 여신 비주얼~'"" src=""https://img.hankyung.com/photo/202507/03.41229819.1.jpg""/>
</div>
</figure>
                △눈길 사로잡는 아름다움
                    <figure class=""article-figure"">
<div class=""figure-img"">
<img alt=""[포토] 아이브 안유진, '눈부신 여신 비주얼~'"" src=""https://img.hankyung.com/photo/202507/03.41229824.1.jpg""/>
</div>
</figure>
                △사랑스러워~
                    <figure class=""article-figure"">
<div class=""figure-img"">
<img alt=""[포토] 아이브 안유진, '눈부신 여신 비주얼~'"" src=""https://img.hankyung.com/photo/202507/03.41229826.1.jpg""/>
</div>
</figure>
                △우아한 턴~
                    <figure class=""article-figure"">
<div class=""figure-img"">
<img alt=""[포토] 아이브 안유진, '눈부신 여신 비주얼~'"" src=""https://img.hankyung.com/photo/202507/03.41229823.1.jpg""/>
</div>
</figure>
                △눈부신 여신 비주얼~<br/><br/>변성현 한경닷컴 기자 byun84@hankyung.com
                                    </div>"
"[포토] 아이브 장원영, '눈부신 인형 미모에 시선강탈'","<div class=""article-body"" id=""articletxt"" itemprop=""articleBody"">
<figure class=""article-figure"">
<div class=""figure-img"">
<img alt=""[포토] 아이브 장원영, '눈부신 인형 미모에 시선강탈'"" src=""https://img.hankyung.com/photo/202507/03.41229811.1.jpg""/>
</div>
</figure>
                그룹 아이브 장원영이 26일 경기도 고양시 킨텍스에서 열린 '2025 SBS 가요대전 Summer' 블루카펫 행사에 참석해 포즈를 취하고 있다.
                    <figure class=""article-figure"">
<div class=""figure-img"">
<img alt=""[포토] 아이브 장원영, '눈부신 인형 미모에 시선강탈'"" src=""https://img.hankyung.com/photo/202507/03.41229816.1.jpg""/>
</div>
</figure>
                △돋보이는 인형 미모
                    <figure class=""article-figure"">
<div class=""figure-img"">
<img alt=""[포토] 아이브 장원영, '눈부신 인형 미모에 시선강탈'"" src=""https://img.hankyung.com/photo/202507/03.41229817.1.jpg""/>
</div>
</figure>
                △오늘도 예쁨
                    <figure class=""article-figure"">
<div class=""figure-img"">
<img alt=""[포토] 아이브 장원영, '눈부신 인형 미모에 시선강탈'"" src=""https://img.hankyung.com/photo/202507/03.41229813.1.jpg""/>
</div>
</figure>
                △러블리 하트~
                    <figure class=""article-figure"">
<div class=""figure-img"">
<img alt=""[포토] 아이브 장원영, '눈부신 인형 미모에 시선강탈'"" src=""https://img.hankyung.com/photo/202507/03.41229815.1.jpg""/>
</div>
</figure>
                △매력적인 손키스
                    <figure class=""article-figure"">
<div class=""figure-img"">
<img alt=""[포토] 아이브 장원영, '눈부신 인형 미모에 시선강탈'"" src=""https://img.hankyung.com/photo/202507/03.41229814.1.jpg""/>
</div>
</figure>
                △사랑스러워~
                    <figure class=""article-figure"">
<div class=""figure-img"">
<img alt=""[포토] 아이브 장원영, '눈부신 인형 미모에 시선강탈'"" src=""https://img.hankyung.com/photo/202507/03.41229812.1.jpg""/>
</div>
</figure>
                △팬들과 반가운 인사<br/><br/>변성현 한경닷컴 기자 byun84@hankyung.com
                                    </div>"
"[포토] 싸이커스, '멋짐 가득한 모습에 시선강탈'","<div class=""article-body"" id=""articletxt"" itemprop=""articleBody"">
<figure class=""article-figure"">
<div class=""figure-img"">
<img alt=""[포토] 싸이커스, '멋짐 가득한 모습에 시선강탈'"" src=""https://img.hankyung.com/photo/202507/03.41229509.1.jpg""/>
</div>
</figure>
                그룹 싸이커스가 26일 경기도 고양시 킨텍스에서 열린 '2025 SBS 가요대전 Summer' 블루카펫 행사에 참석해 포즈를 취하고 있다.
                    <figure class=""article-figure"">
<div class=""figure-img"">
<img alt=""[포토] 싸이커스, '멋짐 가득한 모습에 시선강탈'"" src=""https://img.hankyung.com/photo/202507/03.41229507.1.jpg""/>
</div>
</figure>
                △순백의 의상 입고 멋지게~<br/><br/>변성현 한경닷컴 기자 byun84@hankyung.com
                                    </div>"
"[포토] 아홉, '팬들에게 전하는 마음'","<div class=""article-body"" id=""articletxt"" itemprop=""articleBody"">
<figure class=""article-figure"">
<div class=""figure-img"">
<img alt=""[포토] 아홉, '팬들에게 전하는 마음'"" src=""https://img.hankyung.com/photo/202507/03.41229490.1.jpg""/>
</div>
</figure>
                그룹 아홉이 26일 경기도 고양시 킨텍스에서 열린 '2025 SBS 가요대전 Summer' 블루카펫 행사에 참석해 포즈를 취하고 있다.
                    <figure class=""article-figure"">
<div class=""figure-img"">
<img alt=""[포토] 아홉, '팬들에게 전하는 마음'"" src=""https://img.hankyung.com/photo/202507/03.41229489.1.jpg""/>
</div>
</figure>
                △무대 가득 채우는 멋진 남자들<br/><br/>변성현 한경닷컴 기자 byun84@hankyung.com
                                    </div>"
"[포토] 비:퍼스트, '일본에서 온 멋진 남자들'","<div class=""article-body"" id=""articletxt"" itemprop=""articleBody"">
<figure class=""article-figure"">
<div class=""figure-img"">
<img alt=""[포토] 비:퍼스트, '일본에서 온 멋진 남자들'"" src=""https://img.hankyung.com/photo/202507/03.41229474.1.jpg""/>
</div>
</figure>
                그룹 비:퍼스트가 26일 경기도 고양시 킨텍스에서 열린 '2025 SBS 가요대전 Summer' 블루카펫 행사에 참석해 포즈를 취하고 있다.
                    <figure class=""article-figure"">
<div class=""figure-img"">
<img alt=""[포토] 비:퍼스트, '일본에서 온 멋진 남자들'"" src=""https://img.hankyung.com/photo/202507/03.41229473.1.jpg""/>
</div>
</figure>
                △블랙으로 멋지게 차려 입고<br/><br/>변성현 한경닷컴 기자 byun84@hankyung.com
                                    </div>"
"[포토] 이즈나, '개성 넘치는 스타일에 눈길~'","<div class=""article-body"" id=""articletxt"" itemprop=""articleBody"">
<figure class=""article-figure"">
<div class=""figure-img"">
<img alt=""[포토] 이즈나, '개성 넘치는 스타일에 눈길~'"" src=""https://img.hankyung.com/photo/202507/03.41229407.1.jpg""/>
</div>
</figure>
                그룹 이즈나가 26일 경기도 고양시 킨텍스에서 열린 '2025 SBS 가요대전 Summer' 블루카펫 행사에 참석해 포즈를 취하고 있다.
                    <figure class=""article-figure"">
<div class=""figure-img"">
<img alt=""[포토] 이즈나, '개성 넘치는 스타일에 눈길~'"" src=""https://img.hankyung.com/photo/202507/03.41229408.1.jpg""/>
</div>
</figure>
                △마이, '깜찍 미모에 눈길'
                    <figure class=""article-figure"">
<div class=""figure-img"">
<img alt=""[포토] 이즈나, '개성 넘치는 스타일에 눈길~'"" src=""https://img.hankyung.com/photo/202507/03.41229405.1.jpg""/>
</div>
</figure>
                △정세비, '돋보이는 예쁨'
                    <figure class=""article-figure"">
<div class=""figure-img"">
<img alt=""[포토] 이즈나, '개성 넘치는 스타일에 눈길~'"" src=""https://img.hankyung.com/photo/202507/03.41229402.1.jpg""/>
</div>
</figure>
                △최정은, '사랑스러워~'
                    <figure class=""article-figure"">
<div class=""figure-img"">
<img alt=""[포토] 이즈나, '개성 넘치는 스타일에 눈길~'"" src=""https://img.hankyung.com/photo/202507/03.41229403.1.jpg""/>
</div>
</figure>
                △방지민, '깜찍하게 하트~'
                    <figure class=""article-figure"">
<div class=""figure-img"">
<img alt=""[포토] 이즈나, '개성 넘치는 스타일에 눈길~'"" src=""https://img.hankyung.com/photo/202507/03.41229406.1.jpg""/>
</div>
</figure>
                △코코, '예쁜 미소~'
                    <figure class=""article-figure"">
<div class=""figure-img"">
<img alt=""[포토] 이즈나, '개성 넘치는 스타일에 눈길~'"" src=""https://img.hankyung.com/photo/202507/03.41229404.1.jpg""/>
</div>
</figure>
                △유사랑, '사랑스러운 모습에 시선강탈'<br/><br/>변성현 한경닷컴 기자 byun84@hankyung.com
                                    </div>"
"[포토] 올데이 프로젝트, '감탄을 부르는 멋진 모습'","<div class=""article-body"" id=""articletxt"" itemprop=""articleBody"">
<figure class=""article-figure"">
<div class=""figure-img"">
<img alt=""[포토] 올데이 프로젝트, '감탄을 부르는 멋진 모습'"" src=""https://img.hankyung.com/photo/202507/03.41229395.1.jpg""/>
</div>
</figure>
                그룹 올데이 프로젝트가 26일 경기도 고양시 킨텍스에서 열린 '2025 SBS 가요대전 Summer' 블루카펫 행사에 참석해 포즈를 취하고 있다.
                    <figure class=""article-figure"">
<div class=""figure-img"">
<img alt=""[포토] 올데이 프로젝트, '감탄을 부르는 멋진 모습'"" src=""https://img.hankyung.com/photo/202507/03.41229390.1.jpg""/>
</div>
</figure>
                △베일리, '도도한 눈빛'
                    <figure class=""article-figure"">
<div class=""figure-img"">
<img alt=""[포토] 올데이 프로젝트, '감탄을 부르는 멋진 모습'"" src=""https://img.hankyung.com/photo/202507/03.41229393.1.jpg""/>
</div>
</figure>
                △타잔, '개성 넘치는 스타일~'
                    <figure class=""article-figure"">
<div class=""figure-img"">
<img alt=""[포토] 올데이 프로젝트, '감탄을 부르는 멋진 모습'"" src=""https://img.hankyung.com/photo/202507/03.41229391.1.jpg""/>
</div>
</figure>
                △영서, '눈부신 미모에 시선강탈'
                    <figure class=""article-figure"">
<div class=""figure-img"">
<img alt=""[포토] 올데이 프로젝트, '감탄을 부르는 멋진 모습'"" src=""https://img.hankyung.com/photo/202507/03.41229392.1.jpg""/>
</div>
</figure>
                △우찬, '카리스마 넘치는 눈빛'
                    <figure class=""article-figure"">
<div class=""figure-img"">
<img alt=""[포토] 올데이 프로젝트, '감탄을 부르는 멋진 모습'"" src=""https://img.hankyung.com/photo/202507/03.41229394.1.jpg""/>
</div>
</figure>
                △애니, '도도함 물씬~'<br/><br/>변성현 한경닷컴 기자 byun84@hankyung.com
                                    </div>"
"[포토] 유스피어, '깨물어주고 싶은 깜찍한 소녀들'","<div class=""article-body"" id=""articletxt"" itemprop=""articleBody"">
<figure class=""article-figure"">
<div class=""figure-img"">
<img alt=""[포토] 유스피어, '깨물어주고 싶은 깜찍한 소녀들'"" src=""https://img.hankyung.com/photo/202507/03.41229370.1.jpg""/>
</div>
</figure>
                그룹 유스피어가 26일 경기도 고양시 킨텍스에서 열린 '2025 SBS 가요대전 Summer' 블루카펫 행사에 참석해 포즈를 취하고 있다.
                    <figure class=""article-figure"">
<div class=""figure-img"">
<img alt=""[포토] 유스피어, '깨물어주고 싶은 깜찍한 소녀들'"" src=""https://img.hankyung.com/photo/202507/03.41229369.1.jpg""/>
</div>
</figure>
                △여원, '예쁨 가득한 미소'
                    <figure class=""article-figure"">
<div class=""figure-img"">
<img alt=""[포토] 유스피어, '깨물어주고 싶은 깜찍한 소녀들'"" src=""https://img.hankyung.com/photo/202507/03.41229367.1.jpg""/>
</div>
</figure>
                △소이, '깜찍하게 하트~'
                    <figure class=""article-figure"">
<div class=""figure-img"">
<img alt=""[포토] 유스피어, '깨물어주고 싶은 깜찍한 소녀들'"" src=""https://img.hankyung.com/photo/202507/03.41229366.1.jpg""/>
</div>
</figure>
                △서유, '귀여움 가득~'
                    <figure class=""article-figure"">
<div class=""figure-img"">
<img alt=""[포토] 유스피어, '깨물어주고 싶은 깜찍한 소녀들'"" src=""https://img.hankyung.com/photo/202507/03.41229365.1.jpg""/>
</div>
</figure>
                △채나, '예쁜 미소~'
                    <figure class=""article-figure"">
<div class=""figure-img"">
<img alt=""[포토] 유스피어, '깨물어주고 싶은 깜찍한 소녀들'"" src=""https://img.hankyung.com/photo/202507/03.41229363.1.jpg""/>
</div>
</figure>
                △다온, '돋보이는 깜찍 미모'
                    <figure class=""article-figure"">
<div class=""figure-img"">
<img alt=""[포토] 유스피어, '깨물어주고 싶은 깜찍한 소녀들'"" src=""https://img.hankyung.com/photo/202507/03.41229364.1.jpg""/>
</div>
</figure>
                △시안, '귀여움 가득~'
                    <figure class=""article-figure"">
<div class=""figure-img"">
<img alt=""[포토] 유스피어, '깨물어주고 싶은 깜찍한 소녀들'"" src=""https://img.hankyung.com/photo/202507/03.41229371.1.jpg""/>
</div>
</figure>
                △로아, '애교 가득한 미소~'<br/><br/>변성현 한경닷컴 기자 byun84@hankyung.com
                                    </div>"
"[포토] NCT 위시, '팬들 마음 흔드는 귀여운 모습'","<div class=""article-body"" id=""articletxt"" itemprop=""articleBody"">
<figure class=""article-figure"">
<div class=""figure-img"">
<img alt=""[포토] NCT 위시, '팬들 마음 흔드는 귀여운 모습'"" src=""https://img.hankyung.com/photo/202507/03.41229226.1.jpg""/>
</div>
</figure>
                그룹 NCT 위시가 26일 경기도 고양시 킨텍스에서 열린 '2025 SBS 가요대전 Summer' 블루카펫 행사에 참석해 포즈를 취하고 있다.
                    <figure class=""article-figure"">
<div class=""figure-img"">
<img alt=""[포토] NCT 위시, '팬들 마음 흔드는 귀여운 모습'"" src=""https://img.hankyung.com/photo/202507/03.41229232.1.jpg""/>
</div>
</figure>
                △리쿠, '귀여운 미소~'
                    <figure class=""article-figure"">
<div class=""figure-img"">
<img alt=""[포토] NCT 위시, '팬들 마음 흔드는 귀여운 모습'"" src=""https://img.hankyung.com/photo/202507/03.41229231.1.jpg""/>
</div>
</figure>
                △료, '귀여운 손인사~'
                    <figure class=""article-figure"">
<div class=""figure-img"">
<img alt=""[포토] NCT 위시, '팬들 마음 흔드는 귀여운 모습'"" src=""https://img.hankyung.com/photo/202507/03.41229230.1.jpg""/>
</div>
</figure>
                △유우시, '귀여운 미소에 눈길'
                    <figure class=""article-figure"">
<div class=""figure-img"">
<img alt=""[포토] NCT 위시, '팬들 마음 흔드는 귀여운 모습'"" src=""https://img.hankyung.com/photo/202507/03.41229229.1.jpg""/>
</div>
</figure>
                △사쿠야, '귀여워~귀여워~'
                    <figure class=""article-figure"">
<div class=""figure-img"">
<img alt=""[포토] NCT 위시, '팬들 마음 흔드는 귀여운 모습'"" src=""https://img.hankyung.com/photo/202507/03.41229228.1.jpg""/>
</div>
</figure>
                △시온, '부드러운 눈빛~'
                    <figure class=""article-figure"">
<div class=""figure-img"">
<img alt=""[포토] NCT 위시, '팬들 마음 흔드는 귀여운 모습'"" src=""https://img.hankyung.com/photo/202507/03.41229227.1.jpg""/>
</div>
</figure>
                △재희, '멋진 모습에 눈길'<br/><br/>변성현 한경닷컴 기자 byun84@hankyung.com
                                    </div>"
"[포토] 미야오, '블랙으로 시크하게~'","<div class=""article-body"" id=""articletxt"" itemprop=""articleBody"">
<figure class=""article-figure"">
<div class=""figure-img"">
<img alt=""[포토] 미야오, '블랙으로 시크하게~'"" src=""https://img.hankyung.com/photo/202507/03.41229225.1.jpg""/>
</div>
</figure>
                그룹 미야오가 26일 경기도 고양시 킨텍스에서 열린 '2025 SBS 가요대전 Summer' 블루카펫 행사에 참석해 포즈를 취하고 있다.
                    <figure class=""article-figure"">
<div class=""figure-img"">
<img alt=""[포토] 미야오, '블랙으로 시크하게~'"" src=""https://img.hankyung.com/photo/202507/03.41229224.1.jpg""/>
</div>
</figure>
                △엘라, '돋보이는 인형 미모'
                    <figure class=""article-figure"">
<div class=""figure-img"">
<img alt=""[포토] 미야오, '블랙으로 시크하게~'"" src=""https://img.hankyung.com/photo/202507/03.41229221.1.jpg""/>
</div>
</figure>
                △나린, '깜찍 미모에 눈길'
                    <figure class=""article-figure"">
<div class=""figure-img"">
<img alt=""[포토] 미야오, '블랙으로 시크하게~'"" src=""https://img.hankyung.com/photo/202507/03.41229223.1.jpg""/>
</div>
</figure>
                △가원, '도도함 물씬~'
                    <figure class=""article-figure"">
<div class=""figure-img"">
<img alt=""[포토] 미야오, '블랙으로 시크하게~'"" src=""https://img.hankyung.com/photo/202507/03.41229222.1.jpg""/>
</div>
</figure>
                △안나, '깜찍한 인형 미모'
                    <figure class=""article-figure"">
<div class=""figure-img"">
<img alt=""[포토] 미야오, '블랙으로 시크하게~'"" src=""https://img.hankyung.com/photo/202507/03.41229220.1.jpg""/>
</div>
</figure>
                △수인, '예쁨 가득~'<br/><br/>변성현 한경닷컴 기자 byun84@hankyung.com
                                    </div>"
"[포토] 엔믹스, '사랑스러운 모습에 시선강탈'","<div class=""article-body"" id=""articletxt"" itemprop=""articleBody"">
<figure class=""article-figure"">
<div class=""figure-img"">
<img alt=""[포토] 엔믹스, '사랑스러운 모습에 시선강탈'"" src=""https://img.hankyung.com/photo/202507/03.41229028.1.jpg""/>
</div>
</figure>
                그룹 엔믹스가 26일 경기도 고양시 킨텍스에서 열린 '2025 SBS 가요대전 Summer' 블루카펫 행사에 참석해 포즈를 취하고 있다.
                    <figure class=""article-figure"">
<div class=""figure-img"">
<img alt=""[포토] 엔믹스, '사랑스러운 모습에 시선강탈'"" src=""https://img.hankyung.com/photo/202507/03.41229029.1.jpg""/>
</div>
</figure>
                △혜원, '깜찍함 가득~'
                    <figure class=""article-figure"">
<div class=""figure-img"">
<img alt=""[포토] 엔믹스, '사랑스러운 모습에 시선강탈'"" src=""https://img.hankyung.com/photo/202507/03.41229023.1.jpg""/>
</div>
</figure>
                △배이, '잘록한 개미허리 뽐내며~'
                    <figure class=""article-figure"">
<div class=""figure-img"">
<img alt=""[포토] 엔믹스, '사랑스러운 모습에 시선강탈'"" src=""https://img.hankyung.com/photo/202507/03.41229026.1.jpg""/>
</div>
</figure>
                △설윤, '깜찍하게 입술 삐쭉~'
                    <figure class=""article-figure"">
<div class=""figure-img"">
<img alt=""[포토] 엔믹스, '사랑스러운 모습에 시선강탈'"" src=""https://img.hankyung.com/photo/202507/03.41229027.1.jpg""/>
</div>
</figure>
                △지우, '깜찍하게 혀 빼꼼~'
                    <figure class=""article-figure"">
<div class=""figure-img"">
<img alt=""[포토] 엔믹스, '사랑스러운 모습에 시선강탈'"" src=""https://img.hankyung.com/photo/202507/03.41229025.1.jpg""/>
</div>
</figure>
                △릴리, '사랑스러운 볼하트~'
                    <figure class=""article-figure"">
<div class=""figure-img"">
<img alt=""[포토] 엔믹스, '사랑스러운 모습에 시선강탈'"" src=""https://img.hankyung.com/photo/202507/03.41229024.1.jpg""/>
</div>
</figure>
                △규진, '귀여움 가득~'<br/><br/>변성현 한경닷컴 기자 byun84@hankyung.com
                                    </div>"
"[포토] 아이브, '우월한 비주얼 여신들'","<div class=""article-body"" id=""articletxt"" itemprop=""articleBody"">
<figure class=""article-figure"">
<div class=""figure-img"">
<img alt=""[포토] 아이브, '우월한 비주얼 여신들'"" src=""https://img.hankyung.com/photo/202507/03.41228983.1.jpg""/>
</div>
</figure>
                그룹 아이브가 26일 경기도 고양시 킨텍스에서 열린 '2025 SBS 가요대전 Summer' 블루카펫 행사에 참석해 포즈를 취하고 있다.
                    <figure class=""article-figure"">
<div class=""figure-img"">
<img alt=""[포토] 아이브, '우월한 비주얼 여신들'"" src=""https://img.hankyung.com/photo/202507/03.41228984.1.jpg""/>
</div>
</figure>
                △가을, '도도한 모습의 가을 선배'
                    <figure class=""article-figure"">
<div class=""figure-img"">
<img alt=""[포토] 아이브, '우월한 비주얼 여신들'"" src=""https://img.hankyung.com/photo/202507/03.41228981.1.jpg""/>
</div>
</figure>
                △안유진, '러블리한 모습에 눈길~'
                    <figure class=""article-figure"">
<div class=""figure-img"">
<img alt=""[포토] 아이브, '우월한 비주얼 여신들'"" src=""https://img.hankyung.com/photo/202507/03.41228982.1.jpg""/>
</div>
</figure>
                △장원영, '말로 다 표현할 수 없는 예쁨'
                    <figure class=""article-figure"">
<div class=""figure-img"">
<img alt=""[포토] 아이브, '우월한 비주얼 여신들'"" src=""https://img.hankyung.com/photo/202507/03.41228980.1.jpg""/>
</div>
</figure>
                △이서, '깜찍하게 하트~'
                    <figure class=""article-figure"">
<div class=""figure-img"">
<img alt=""[포토] 아이브, '우월한 비주얼 여신들'"" src=""https://img.hankyung.com/photo/202507/03.41228979.1.jpg""/>
</div>
</figure>
                △리즈, '깜찍하게 볼하트~'
                    <figure class=""article-figure"">
<div class=""figure-img"">
<img alt=""[포토] 아이브, '우월한 비주얼 여신들'"" src=""https://img.hankyung.com/photo/202507/03.41228978.1.jpg""/>
</div>
</figure>
                △레이, '귀엽게 볼콕~'<br/><br/>변성현 한경닷컴 기자 byun84@hankyung.com
                                    </div>"
"[포토] NCT 127, '팬들 심쿵하게 만드는 멋짐'","<div class=""article-body"" id=""articletxt"" itemprop=""articleBody"">
<figure class=""article-figure"">
<div class=""figure-img"">
<img alt=""[포토] NCT 127, '팬들 심쿵하게 만드는 멋짐'"" src=""https://img.hankyung.com/photo/202507/03.41228920.1.jpg""/>
</div>
</figure>
                그룹 NCT 127이 26일 경기도 고양시 킨텍스에서 열린 '2025 SBS 가요대전 Summer' 블루카펫 행사에 참석해 포즈를 취하고 있다.
                    <figure class=""article-figure"">
<div class=""figure-img"">
<img alt=""[포토] NCT 127, '팬들 심쿵하게 만드는 멋짐'"" src=""https://img.hankyung.com/photo/202507/03.41228924.1.jpg""/>
</div>
</figure>
                △도영, '카리스마 넘치는 눈빛'
                    <figure class=""article-figure"">
<div class=""figure-img"">
<img alt=""[포토] NCT 127, '팬들 심쿵하게 만드는 멋짐'"" src=""https://img.hankyung.com/photo/202507/03.41228923.1.jpg""/>
</div>
</figure>
                △유타, '녹색 헤어도 완벽 소화'
                    <figure class=""article-figure"">
<div class=""figure-img"">
<img alt=""[포토] NCT 127, '팬들 심쿵하게 만드는 멋짐'"" src=""https://img.hankyung.com/photo/202507/03.41228921.1.jpg""/>
</div>
</figure>
                △정우, '팬들 마음 흔드는 멋짐'
                    <figure class=""article-figure"">
<div class=""figure-img"">
<img alt=""[포토] NCT 127, '팬들 심쿵하게 만드는 멋짐'"" src=""https://img.hankyung.com/photo/202507/03.41228922.1.jpg""/>
</div>
</figure>
                △쟈니, '상남자 눈빛~'<br/><br/>변성현 한경닷컴 기자 byun84@hankyung.com
                                    </div>"
"[포토] ITZY, '러블리한 모습에 시선강탈'","<div class=""article-body"" id=""articletxt"" itemprop=""articleBody"">
<figure class=""article-figure"">
<div class=""figure-img"">
<img alt=""[포토] ITZY, '러블리한 모습에 시선강탈'"" src=""https://img.hankyung.com/photo/202507/03.41228850.1.jpg""/>
</div>
</figure>
                그룹 ITZY가 26일 경기도 고양시 킨텍스에서 열린 '2025 SBS 가요대전 Summer' 블루카펫 행사에 참석해 포즈를 취하고 있다.
                    <figure class=""article-figure"">
<div class=""figure-img"">
<img alt=""[포토] ITZY, '러블리한 모습에 시선강탈'"" src=""https://img.hankyung.com/photo/202507/03.41228851.1.jpg""/>
</div>
</figure>
                △리아, '예쁨 가득한 미소~'
                    <figure class=""article-figure"">
<div class=""figure-img"">
<img alt=""[포토] ITZY, '러블리한 모습에 시선강탈'"" src=""https://img.hankyung.com/photo/202507/03.41228852.1.jpg""/>
</div>
</figure>
                △류진, '예쁨 가득~'
                    <figure class=""article-figure"">
<div class=""figure-img"">
<img alt=""[포토] ITZY, '러블리한 모습에 시선강탈'"" src=""https://img.hankyung.com/photo/202507/03.41228849.1.jpg""/>
</div>
</figure>
                △채령, '사랑스러운 손인사~'
                    <figure class=""article-figure"">
<div class=""figure-img"">
<img alt=""[포토] ITZY, '러블리한 모습에 시선강탈'"" src=""https://img.hankyung.com/photo/202507/03.41228847.1.jpg""/>
</div>
</figure>
                △예지, '도도한 눈빛으로 볼하트~'
                    <figure class=""article-figure"">
<div class=""figure-img"">
<img alt=""[포토] ITZY, '러블리한 모습에 시선강탈'"" src=""https://img.hankyung.com/photo/202507/03.41228848.1.jpg""/>
</div>
</figure>
                △유나, '날이 갈수록 예뻐지네~'<br/><br/>변성현 한경닷컴 기자 byun84@hankyung.com
                                    </div>"
"[포토] 투모로우바이투게더 연준, '감탄 절로 나는 멋진 남자'","<div class=""article-body"" id=""articletxt"" itemprop=""articleBody"">
<figure class=""article-figure"">
<div class=""figure-img"">
<img alt=""[포토] 투모로우바이투게더 연준, '감탄 절로 나는 멋진 남자'"" src=""https://img.hankyung.com/photo/202507/03.41228583.1.jpg""/>
</div>
</figure>
                그룹 투모로우바이투게더 연준이 26일 경기도 고양시 킨텍스에서 열린 '2025 SBS 가요대전 Summer' 블루카펫 행사에 참석해 포토타임을 갖고 있다.
                    <figure class=""article-figure"">
<div class=""figure-img"">
<img alt=""[포토] 투모로우바이투게더 연준, '감탄 절로 나는 멋진 남자'"" src=""https://img.hankyung.com/photo/202507/03.41228590.1.jpg""/>
</div>
</figure>
                △익살스럽게 브이~
                    <figure class=""article-figure"">
<div class=""figure-img"">
<img alt=""[포토] 투모로우바이투게더 연준, '감탄 절로 나는 멋진 남자'"" src=""https://img.hankyung.com/photo/202507/03.41228587.1.jpg""/>
</div>
</figure>
                △감탄을 부르는 멋짐
                    <figure class=""article-figure"">
<div class=""figure-img"">
<img alt=""[포토] 투모로우바이투게더 연준, '감탄 절로 나는 멋진 남자'"" src=""https://img.hankyung.com/photo/202507/03.41228588.1.jpg""/>
</div>
</figure>
                △멋지네~
                    <figure class=""article-figure"">
<div class=""figure-img"">
<img alt=""[포토] 투모로우바이투게더 연준, '감탄 절로 나는 멋진 남자'"" src=""https://img.hankyung.com/photo/202507/03.41228584.1.jpg""/>
</div>
</figure>
                △모아 반하게 만드는 귀여움
                    <figure class=""article-figure"">
<div class=""figure-img"">
<img alt=""[포토] 투모로우바이투게더 연준, '감탄 절로 나는 멋진 남자'"" src=""https://img.hankyung.com/photo/202507/03.41228589.1.jpg""/>
</div>
</figure>
                △멋진 남자
                    <figure class=""article-figure"">
<div class=""figure-img"">
<img alt=""[포토] 투모로우바이투게더 연준, '감탄 절로 나는 멋진 남자'"" src=""https://img.hankyung.com/photo/202507/03.41228582.1.jpg""/>
</div>
</figure>
                △팬들과 멋진 인사<br/><br/>변성현 한경닷컴 기자 byun84@hankyung.com
                                    </div>"
